issue,canonicalId,obligationId,acceptanceId,fixture,consumer,assertion,environment,expected,artifact,reviewGate,closureGate
2,R0002,2.13,R0002-A01,Final README.md clauses enumerated in sectionD; compare source/interfaces and current old prose with candidate diff.,README.md Features; no ARCHITECTURE.md delivery prerequisite for this issue.,Every enumerated fact is supported by bound source and native outcome; obsolete unconditional claims removed; no new runtime/schema/provider scope.,Documentation diff on the authorized final checkout; no browser or runtime test required for prose-only edits.,Truthful bounded unavailable/recovery/location-day/precision documentation as applicable.,evidence/R0002/docs/review.json + docs/patch.diff,Independent docs reviewer checks clauses against actual source and native receipts; primary coalesces shared hunks.,CLOSE-R0002
2,R0002,2.14,R0002-A02,"UTC fixed 2026-09-07T12:00:00Z; lat24.47/lon39.61, method4/school0, time24. Synthetic ordinary record with all six clocks; separately timings={}, missingFajr, Dhuhr=1e999:00 or25:99, Sep6 body for Sep7, Invalid/Zone and HTTP500/code500 success-lookalike. Three attempts may exhaust; make the same-day provider healthy before real elapsed60000ms.",boot -> loadPrayerData -> fetchTimings -> admitPrayerRecord/adoptPrayerBundle -> actual render/.times/.nt/.left,"No invalid state, zone adoption or cache write; no NaN/Infinity/undefined, six unavailable rows when required data fails. One eligible same-day healthy current operation restores usable output without reload; preserve first error and first recovered render, count current attempts separately from prefetch.","Proposed, not executed: installed Chromium and Firefox on Windows AMD64, serial fresh disposable contexts; viewport 370x570 CSS px, DPR 1; card 325x530. Root generated index.html is the main consumer. Representative offline.html and 330x534 Pages-shaped iframe checks use the same controlled inputs. Record actual browser build, OS, fonts, viewport, DPR, entry URL, original/observed script hashes and fixture SHA256. Default no-preference motion, no simTime/timeScale for live recovery/motion; standard native performance.now and timers.",Rejected inputs stay unavailable; healthy Sep7 restores the ordinary timetable on the real dirty/visible consumer.,evidence/R0002/browser/ingress-recovery/trace.json + loading.png + unavailable.png + first-recovered.png,Independent consumer reviewer inspects request/state traces and original PNG/clip; metrics cannot overrule pixels.,CLOSE-R0002
2,R0002,2.14,R0002-A03,"Same UTC/noon fixture; selected salah:24.47|39.61|UTC|4|0 holds exact {date:07-09-2026,data:{timings:null,meta:{timezone:UTC}}}; separate broken-JSON seed. Healthy network record; valid-cache/network-offline/storage-denied positive control.",readPrayerCache -> real loadPrayerData -> saveCache -> actual first current render,"Corrupt cache does not throw past live acquisition: current request count>0, usable today, persisted admitted envelope when storage allowed. Healthy cache remains usable with no invalidation on denied writes; preserve exact key/old bytes for negative controls.","Proposed, not executed: installed Chromium and Firefox on Windows AMD64, serial fresh disposable contexts; viewport 370x570 CSS px, DPR 1; card 325x530. Root generated index.html is the main consumer. Representative offline.html and 330x534 Pages-shaped iframe checks use the same controlled inputs. Record actual browser build, OS, fonts, viewport, DPR, entry URL, original/observed script hashes and fixture SHA256. Default no-preference motion, no simTime/timeScale for live recovery/motion; standard native performance.now and timers.",Actual healthy current paint is reached from the corrupt-cache ingress; catching an exception alone is insufficient.,evidence/R0002/browser/cache-recovery/trace.json + first-current.png,Independent consumer reviewer inspects request/state traces and original PNG/clip; metrics cannot overrule pixels.,CLOSE-R0002
2,R0002,2.14,R0002-A04,"Valid Gregorian Sep7/all six clocks, each optionalAH missing, day=nonnumeric, month99/day99, month.en=7, AHday31; ordinary YYYY-MM-DD then a name-bearing datefmt=DD MMMM YYYY and numeric-only missing-name control.",admitPrayerRecord -> fmtDate/selectCalendarDisplay -> renderCalendarDates -> #ce/#ah and date disclosure dialog,"Valid timetable remains six usable rows. Invalid optional AH is withheld as Hijri date unavailable; no thrown slice, invented month/name/date or NaN/undefined. Numeric-only missing-name format remains usable. Dialog exposes complete unavailable reason.","Proposed, not executed: installed Chromium and Firefox on Windows AMD64, serial fresh disposable contexts; viewport 370x570 CSS px, DPR 1; card 325x530. Root generated index.html is the main consumer. Representative offline.html and 330x534 Pages-shaped iframe checks use the same controlled inputs. Record actual browser build, OS, fonts, viewport, DPR, entry URL, original/observed script hashes and fixture SHA256. Default no-preference motion, no simTime/timeScale for live recovery/motion; standard native performance.now and timers.",Optional calendar failure is independent of required prayer admission and honest in both compact/footer and full-value display.,evidence/R0002/browser/optional-date/trace.json + footer.png + disclosure.png,Independent consumer reviewer inspects request/state traces and original PNG/clip; metrics cannot overrule pixels.,CLOSE-R0002
2,R0002,2.14,R0002-A05,"Unchanged tests/r0002-ordinary.json; suffix05:00(UTC) and optional Sunset absent. Captured tests/r0002-tromso-summer.json SHA1a0ef89fa1a68cb0ccdd29f3ceb1a8bafed32dc45c5a2bb8430feaad7d6fe1c4 at2026-06-21T10:00Z; winter SHAb7a56f538c5b306b4c7ba8e8e447870e607311c58815365563c5cc14198b2a5c at2026-12-21T11:00Z,69.6492/18.9553/method3/Europe/Oslo.",actual loader/cache/model/drawArc/render at root; representative offline positive,Captured envelopes retain exact bytes and finite real model/SVG/current output; summer equal00:46 and winter equal11:42 clocks admitted. Preserve 12/24h display and optionalSunset fallback. Retained source mutants stay linked; only affected new native mutation if needed.,"Proposed, not executed: installed Chromium and Firefox on Windows AMD64, serial fresh disposable contexts; viewport 370x570 CSS px, DPR 1; card 325x530. Root generated index.html is the main consumer. Representative offline.html and 330x534 Pages-shaped iframe checks use the same controlled inputs. Record actual browser build, OS, fonts, viewport, DPR, entry URL, original/observed script hashes and fixture SHA256. Default no-preference motion, no simTime/timeScale for live recovery/motion; standard native performance.now and timers.",Original positive inputs remain accepted with readable card and actual arc.,evidence/R0002/browser/positive-controls/trace.json + ordinary.png + tromso-summer.png + tromso-winter.png,Independent consumer reviewer inspects request/state traces and original PNG/clip; metrics cannot overrule pixels.,CLOSE-R0002
2,R0002,2.14,R0002-A06,Input-bound first/loading/error/recovery cards plus normal live30s clip within15–60s and warm opaque night control; matched V1/root/offline/iframe certificate as sectionE/F.,"Native UI/render/SVG, Moon/stars/cloud motion and settings, representative generated offline/iframe entry.","Card325x530/header/footer readable; six rows fit; no stars through admitted opaque disc; visibly supported default motion, reduced preference and motion=full; no per-frame request storm. Reuse only exact qualified inputs/interfaces.","Proposed, not executed: installed Chromium and Firefox on Windows AMD64, serial fresh disposable contexts; viewport 370x570 CSS px, DPR 1; card 325x530. Root generated index.html is the main consumer. Representative offline.html and 330x534 Pages-shaped iframe checks use the same controlled inputs. Record actual browser build, OS, fonts, viewport, DPR, entry URL, original/observed script hashes and fixture SHA256. Default no-preference motion, no simTime/timeScale for live recovery/motion; standard native performance.now and timers.",Original product preservation gates remain intact without claiming new whole-scene startup or science PASS.,evidence/R0002/qualification/preservation.json + regression/card.png + regression/moon.png + regression/live30s.webm,Independent consumer reviewer inspects request/state traces and original PNG/clip; metrics cannot overrule pixels.,CLOSE-R0002
2,R0002,2.15,R0002-A07,"Accepted-row audit, all residual native/docs outputs, observation delta and original variant hashes; no unresolved product counterexample.",All actual authored/generated mutation sites and closure certificate.,"Independent reviewer reconciles every accepted/residual row, first-frame/native body/Image specificity, controls, hashes and limitations; no TODO/aggregate PASS substitutes.","Independent exact-revision review of raw receipts, fixtures, generated-consumer mappings and pixels; no replay when reuse rules hold.",Exact-revision qualification certificate accounts for all mandatory rows.,evidence/R0002/qualification/closure-certificate.json + qualification/review.md,Cold independent issue/consumer reviewer plus primary reconciliation.,CLOSE-R0002
2,R0002,2.15,R0002-A08,Owner-authorized final README.md enumerated facts/fixture/evidence revision plus current public runtime byte identity ff728552442f4bcce7f213a089bf01d4cf70ea8d74040bdd3323768ca453beee; current issue body and parent audit comment unchanged or reconciled.,Public root runtime and representative actual consumer; published README.md and evidence comment.,"Required README.md enumerated facts merge/public delivery and immutable evidence accessibility verified; served runtime SHA matches qualified consumer; actual public consumer readback, exact comment posted/read back BEFORE separately authorized manual completed closure.",Owner-authorized merge/publication/delivery followed by independent HTTP byte readback and actual public consumer readback in an isolated profile.,"Delivered source/docs/evidence agree; remain open on missing delivery, drift or native gap.",evidence/R0002/delivery/source-docs-readback.json + delivery/comment-readback.json,"Different reader verifies served bytes, published README.md, exact comment/state after owner lease; this spec grants none.",CLOSE-R0002
3,R0003,3.15,R0003-A01,"Fixed2026-09-07T16:00Z (actual NYnoon), A24.47/39.61/Madinah/method4/school0/initialUTC, B40.71/-74.01/NewYork/method2/school0/initialUTC via real settings. A07Sep:zoneAsia/Riyadh,Fajr04:46,Asr15:49; B07Sep:America/New_York,Fajr05:00,Asr15:30; other clocks06:00/12:00/18:00/19:30; holdA headers/body, releaseB thenA. Separate Aearly/Bsuccess and A-rejection whileBpending.",native settings close -> applyConfig -> actual fetchTimings/adoption/render/cache/owned cleanup,"After lateA, B label/coords/zone/timetable/tomorrow/stale/error/cache snapshot is unchanged; selected key salah:40.71|-74.01|UTC|2|0 receives only eligibleB data. Old cleanup cannot release Bcurrent; Bsuccess later releases its own slot. No stale cache writes. Preserve pre/postA and winner first-render crops.","Proposed, not executed: installed Chromium and Firefox on Windows AMD64, serial fresh disposable contexts; viewport 370x570 CSS px, DPR 1; card 325x530. Root generated index.html is the main consumer. Representative offline.html and 330x534 Pages-shaped iframe checks use the same controlled inputs. Record actual browser build, OS, fonts, viewport, DPR, entry URL, original/observed script hashes and fixture SHA256. Default no-preference motion, no simTime/timeScale for live recovery/motion; standard native performance.now and timers.",NewYorkzone and nextAsr15:30 survive; healthy current owner still commits.,evidence/R0003/browser/prayer-settings-race/trace.json + settings.png + b-first.png + after-a.png,Independent consumer reviewer inspects request/state traces and original PNG/clip; metrics cannot overrule pixels.,CLOSE-R0003
3,R0003,3.15,R0003-A02,"Same UI; A1→B→A2 with A1last; same-coordinate method2→3, school0→1, unitsc→f; first A may reject. Captured current request URL and key logged. Retained positive removal of AbortController and negative unconditional finishRequest variant, all other guards unchanged.",actual settings form -> generation replacement -> operation/attempt finalizers -> native render,Three selections have distinct generations; A1 never resurrects on coordinate equality; method/school/units winners remain. Without abort stale rejection still holds. Unconditional-finally variant must fail the replacement-slot/original-winner oracle; record failure rather than expected-helper behavior.,"Proposed, not executed: installed Chromium and Firefox on Windows AMD64, serial fresh disposable contexts; viewport 370x570 CSS px, DPR 1; card 325x530. Root generated index.html is the main consumer. Representative offline.html and 330x534 Pages-shaped iframe checks use the same controlled inputs. Record actual browser build, OS, fonts, viewport, DPR, entry URL, original/observed script hashes and fixture SHA256. Default no-preference motion, no simTime/timeScale for live recovery/motion; standard native performance.now and timers.","Per-generation and per-kind ownership, not transport cancellation luck, decides adoption.",evidence/R0003/browser/identity-controls/trace.json + winner.png + mutant-failure.json,Independent consumer reviewer inspects request/state traces and original PNG/clip; metrics cannot overrule pixels.,CLOSE-R0003
3,R0003,3.15,R0003-A03,"A24.47/39.61 Celsius to B51.48/-0.001 London Fahrenheit via actual settings at2026-09-07T16:00Z. Clone complete current/hourly structure from healthy() in tests/r000c-weather.test.cjs; set metadata timezone and wall times to captured requestZone, current temp20C forA/68F forB, admitted matching unit fields; hold old body untilBbusy, then releaseA, thenB.",startWeather -> fetchWeather/wxFetchJson -> admitWeatherRecord/admitWeatherTrack -> native weather header/elevation/hook -> captured storage,B dispatches despite oldA; old body/error/finally changes no B siteElev/weather/weatherTrack/lastWxAt/cache/error/busy owner. Bvalid response installs68F under salahwx:51.48|-0.001|f and releases own timer/slot. Match generated elevation-custody hook as well as authored body.,"Proposed, not executed: installed Chromium and Firefox on Windows AMD64, serial fresh disposable contexts; viewport 370x570 CSS px, DPR 1; card 325x530. Root generated index.html is the main consumer. Representative offline.html and 330x534 Pages-shaped iframe checks use the same controlled inputs. Record actual browser build, OS, fonts, viewport, DPR, entry URL, original/observed script hashes and fixture SHA256. Default no-preference motion, no simTime/timeScale for live recovery/motion; standard native performance.now and timers.",LondonFahrenheit persists and reloads; no old20 enters London cache or header.,evidence/R0003/browser/weather-settings-race/trace.json + header-before.png + header-after.png,Independent consumer reviewer inspects request/state traces and original PNG/clip; metrics cannot overrule pixels.,CLOSE-R0003
3,R0003,3.15,R0003-A04,Current generation requestZoneAmerica/New_York at2026-03-08T07:30Z; encoded hourly2026-03-08T03:30. Let that same generation obtain guarded prayer metadataAsia/Riyadh before held weather body settles; captured URL/metadata remainsNewYork. Separate obsolete-A generation and contradictory response-zone negative.,"actual existing hourly admission -> epochForTzTime(...,captured.zone) -> track -> weather consumer","Current accepted hourly epoch is independently stated2026-03-08T07:30Z (1772955000000), not Riyadh interpretation or08:30Z; obsolete generation cannot commit track. Contradictory metadata fails track/current closed, preserving healthy current request control. Do not derive oracle from converter.","Proposed, not executed: installed Chromium and Firefox on Windows AMD64, serial fresh disposable contexts; viewport 370x570 CSS px, DPR 1; card 325x530. Root generated index.html is the main consumer. Representative offline.html and 330x534 Pages-shaped iframe checks use the same controlled inputs. Record actual browser build, OS, fonts, viewport, DPR, entry URL, original/observed script hashes and fixture SHA256. Default no-preference motion, no simTime/timeScale for live recovery/motion; standard native performance.now and timers.",Captured request zone reaches actual hourly consumer even after legitimate provider zone discovery.,evidence/R0003/browser/hourly-zone/trace.json + header.png,Independent consumer reviewer inspects request/state traces and original PNG/clip; metrics cannot overrule pixels.,CLOSE-R0003
3,R0003,3.15,R0003-A05,"Native RainViewer manifest/Image sequence at the stated fixed clock; A(0,30)→B(30,0) via real settings (zero axes stay usable). Manifest generated/frame time=clock seconds; controlled host/path. Hold actualA image route after manifest, switchB and holdB image, releaseA bytes thenB. Separate Amanifest-held across switch; use actual256x256PNG with logged alpha sample (oldopaque/controltransparent) and CORS.",fetchRadar -> captured manifest/tile URL -> native Image.onload/error -> canvas sample -> guarded weatherRadar/finally,"Aimage released after switch cannot install sample or clear Bslot; B remains pending until its actual image settles. CurrentB tile URL includes /256/6/32/26/; manifest-after-switch old generation cannot issue currentB-coordinate old tile. Final target/gen=B, radarPrecipNow=0 and no invented precipitation/lightning authority. Capture original retained handler state and Image/network completion.","Proposed, not executed: installed Chromium and Firefox on Windows AMD64, serial fresh disposable contexts; viewport 370x570 CSS px, DPR 1; card 325x530. Root generated index.html is the main consumer. Representative offline.html and 330x534 Pages-shaped iframe checks use the same controlled inputs. Record actual browser build, OS, fonts, viewport, DPR, entry URL, original/observed script hashes and fixture SHA256. Default no-preference motion, no simTime/timeScale for live recovery/motion; standard native performance.now and timers.",Actual image body recovery and owning-slot finalization are qualified without using generic asset recovery as a surrogate.,evidence/R0003/browser/radar-settings-race/trace.json + native-image-receipts.json + after-a.png + after-b.png,Independent consumer reviewer inspects request/state traces and original PNG/clip; metrics cannot overrule pixels.,CLOSE-R0003
3,R0003,3.15,R0003-A06,Copy only winning isolated config/prayer/weather keys from priorB case to a fresh same-scope disposable reload; offline all providers; preserve exact serialized bytes and normal cache loader.,SalahConfig.resolve -> readPrayerCache/loadWx -> actual boot/render/header,"Reload reflects selected winner and matching caches, with no oldA read/write; valid prayer cache paints actualB day and weather header remains truthful under its independent freshness policy.","Proposed, not executed: installed Chromium and Firefox on Windows AMD64, serial fresh disposable contexts; viewport 370x570 CSS px, DPR 1; card 325x530. Root generated index.html is the main consumer. Representative offline.html and 330x534 Pages-shaped iframe checks use the same controlled inputs. Record actual browser build, OS, fonts, viewport, DPR, entry URL, original/observed script hashes and fixture SHA256. Default no-preference motion, no simTime/timeScale for live recovery/motion; standard native performance.now and timers.","Ownership reaches persistence and native reload, not only immediate DOM assignment.",evidence/R0003/browser/winner-reload/trace.json + reloaded.png,Independent consumer reviewer inspects request/state traces and original PNG/clip; metrics cannot overrule pixels.,CLOSE-R0003
3,R0003,3.15,R0003-A07,Input-bound first/loading/error/recovery cards plus normal live30s clip within15–60s and warm opaque night control; matched V1/root/offline/iframe certificate as sectionE/F.,"Native UI/render/SVG, Moon/stars/cloud motion and settings, representative generated offline/iframe entry.","Card325x530/header/footer readable; six rows fit; no stars through admitted opaque disc; visibly supported default motion, reduced preference and motion=full; no per-frame request storm. Reuse only exact qualified inputs/interfaces.","Proposed, not executed: installed Chromium and Firefox on Windows AMD64, serial fresh disposable contexts; viewport 370x570 CSS px, DPR 1; card 325x530. Root generated index.html is the main consumer. Representative offline.html and 330x534 Pages-shaped iframe checks use the same controlled inputs. Record actual browser build, OS, fonts, viewport, DPR, entry URL, original/observed script hashes and fixture SHA256. Default no-preference motion, no simTime/timeScale for live recovery/motion; standard native performance.now and timers.",Original product preservation gates remain intact without claiming new whole-scene startup or science PASS.,evidence/R0003/qualification/preservation.json + regression/card.png + regression/moon.png + regression/live30s.webm,Independent consumer reviewer inspects request/state traces and original PNG/clip; metrics cannot overrule pixels.,CLOSE-R0003
3,R0003,3.16,R0003-A08,"Accepted-row audit, all residual native/docs outputs, observation delta and original variant hashes; no unresolved product counterexample.",All actual authored/generated mutation sites and closure certificate.,"Independent reviewer reconciles every accepted/residual row, first-frame/native body/Image specificity, controls, hashes and limitations; no TODO/aggregate PASS substitutes.","Independent exact-revision review of raw receipts, fixtures, generated-consumer mappings and pixels; no replay when reuse rules hold.",Exact-revision qualification certificate accounts for all mandatory rows.,evidence/R0003/qualification/closure-certificate.json + qualification/review.md,Cold independent issue/consumer reviewer plus primary reconciliation.,CLOSE-R0003
3,R0003,3.16,R0003-A09,Owner-authorized final evidence publication with no docs/runtime merge prerequisite plus current public runtime byte identity ff728552442f4bcce7f213a089bf01d4cf70ea8d74040bdd3323768ca453beee; current issue body and parent audit comment unchanged or reconciled.,Public root runtime and representative actual consumer; existing qualified runtime and evidence comment.,"Evidence publication/existing-runtime readback and immutable evidence accessibility verified; served runtime SHA matches qualified consumer; actual public consumer readback, exact comment posted/read back BEFORE separately authorized manual completed closure.",Owner-authorized merge/publication/delivery followed by independent HTTP byte readback and actual public consumer readback in an isolated profile.,"Delivered existing source/evidence agree; remain open on missing delivery, drift or native gap.",evidence/R0003/delivery/source-docs-readback.json + delivery/comment-readback.json,"Different reader verifies served bytes, exact comment/state after owner lease; this spec grants none.",CLOSE-R0003
4,R0004,4.13,R0004-A01,Final README.md and ARCHITECTURE.md clauses enumerated in sectionD; compare source/interfaces and current old prose with candidate diff.,README.md Features; ARCHITECTURE.md loader mutation/control-flow sections,Every enumerated fact is supported by bound source and native outcome; obsolete unconditional claims removed; no new runtime/schema/provider scope.,Documentation diff on the authorized final checkout; no browser or runtime test required for prose-only edits.,Truthful bounded unavailable/recovery/location-day/precision documentation as applicable.,evidence/R0004/docs/review.json + docs/patch.diff,Independent docs reviewer checks clauses against actual source and native receipts; primary coalesces shared hunks.,CLOSE-R0004
4,R0004,4.14,R0004-A02,"Fixed2026-09-07T22:00:00Z; browser/deviceNewYork; hashlat35.68&lon139.69&labelTokyo&method2&school0&time24 with tz omitted, empty storage. Synthetic date-correct response for every requested day, timezoneAsia/Tokyo and clocks05:00/06:00/12:00/15:30/18:00/19:30. Hold/release Sep7bootstrap thenSep8corrected.",normal boot -> loadPrayerData -> guarded metadata/adoptPrayerBundle -> actual first current render/date footer,"RequestSep7 may bootstrap; it never paints current for TokyoSep8. First accepted current render is Sep8/AsiaTokyo/stalefalse; requests contain exactly one corrected current dateSep8, next prefetchSep9 separate. Capture loading and zone-known stage before releasing correction.","Proposed, not executed: installed Chromium and Firefox on Windows AMD64, serial fresh disposable contexts; viewport 370x570 CSS px, DPR 1; card 325x530. Root generated index.html is the main consumer. Representative offline.html and 330x534 Pages-shaped iframe checks use the same controlled inputs. Record actual browser build, OS, fonts, viewport, DPR, entry URL, original/observed script hashes and fixture SHA256. Default no-preference motion, no simTime/timeScale for live recovery/motion; standard native performance.now and timers.","First qualified current timetable/date paint matches resolved location day, not merely eventual state.",evidence/R0004/browser/omitted-zone22/trace.json + loading.png + zone-known.png + first-current.png,Independent consumer reviewer inspects request/state traces and original PNG/clip; metrics cannot overrule pixels.,CLOSE-R0004
4,R0004,4.14,R0004-A03,Same22Z omitted-hint. Selected key salah:35.68|139.69|America/New_York|2|0: separate validTokyoSep8 and validTokyoSep7 envelopes; all network offline. Separate zone-free-only salah:35.68|139.69|2|0 and both-key seeds. Preserve raw values before/after.,selected readPrayerCache -> loader metadata-before-filter -> cache adoption -> actual native render,"CurrentSep8selected cache boots offline, first current frameSep8. WrongSep7 supplies no qualified current paint; any retained display explicitly stale with actual date. Zone-free-only is a miss, unchanged bytes; both-key reads only selected main format. No cache scan or deletion and no zero-current qualification shortcut.","Proposed, not executed: installed Chromium and Firefox on Windows AMD64, serial fresh disposable contexts; viewport 370x570 CSS px, DPR 1; card 325x530. Root generated index.html is the main consumer. Representative offline.html and 330x534 Pages-shaped iframe checks use the same controlled inputs. Record actual browser build, OS, fonts, viewport, DPR, entry URL, original/observed script hashes and fixture SHA256. Default no-preference motion, no simTime/timeScale for live recovery/motion; standard native performance.now and timers.",Known main-format upgrade compatibility and wrong-day honesty are both preserved.,evidence/R0004/browser/legacy-cache/trace.json + current-cache-first.png + wrong-cache-unavailable.png + storage-before-after.json,Independent consumer reviewer inspects request/state traces and original PNG/clip; metrics cannot overrule pixels.,CLOSE-R0004
4,R0004,4.14,R0004-A04,"ExplicittzAsia/Tokyo at22Z =>first current requestSep8. Omittedtz at2026-09-07T12:00Z =>Tokyo/NewYork bothSep7, single currentSep7 request, then independentSep8prefetch. CorruptJSON/nulltimings/InvalidZone/envelope-body mismatch =>healthy Tokyo fallback.",same real boot/loader/current first paint with unmodified currentness/admission,No corrected fetch for same civil day merely because zone names differ. Invalid cache never controls zone; live fallback remains reachable. Preserve source-bound early-cache-filter/day-check mutants and exact source variant SHA; explicit-zone control remains green.,"Proposed, not executed: installed Chromium and Firefox on Windows AMD64, serial fresh disposable contexts; viewport 370x570 CSS px, DPR 1; card 325x530. Root generated index.html is the main consumer. Representative offline.html and 330x534 Pages-shaped iframe checks use the same controlled inputs. Record actual browser build, OS, fonts, viewport, DPR, entry URL, original/observed script hashes and fixture SHA256. Default no-preference motion, no simTime/timeScale for live recovery/motion; standard native performance.now and timers.","The omitted hint is discriminating, and healthy explicit/same-day cases remain usable.",evidence/R0004/browser/boot-controls/trace.json + explicit-first.png + same-day-first.png + corrupt-first.png,Independent consumer reviewer inspects request/state traces and original PNG/clip; metrics cannot overrule pixels.,CLOSE-R0004
4,R0004,4.14,R0004-A05,"AtTokyo07:00Sep8 (22Z), hold requestedSep8corrected response. Separately move controlled fixture UTC to2026-09-08T15:00:01Z (Tokyo00:00:01Sep9), or apply NewYorkB via actual settings before release. Only the fixture clock/control changes; host clock never changes.",pending actual corrected request -> prayerResultEligible/adoptPrayerBundle -> normal loop/recovery,"LateSep8 is not current for TokyoSep9; stale/unavailable retains actual day, ownership slot settles and bounded recovery remains eligible. Old generation cannot change B zone/state/key. No unlimited third corrected-day fetch inside the exhausted original operation.","Proposed, not executed: installed Chromium and Firefox on Windows AMD64, serial fresh disposable contexts; viewport 370x570 CSS px, DPR 1; card 325x530. Root generated index.html is the main consumer. Representative offline.html and 330x534 Pages-shaped iframe checks use the same controlled inputs. Record actual browser build, OS, fonts, viewport, DPR, entry URL, original/observed script hashes and fixture SHA256. Default no-preference motion, no simTime/timeScale for live recovery/motion; standard native performance.now and timers.",Day and generation are reevaluated at settlement; a failed/obsolete correction does not hold busy indefinitely.,evidence/R0004/browser/held-correction/trace.json + after-release.png,Independent consumer reviewer inspects request/state traces and original PNG/clip; metrics cannot overrule pixels.,CLOSE-R0004
4,R0004,4.14,R0004-A06,Input-bound first/loading/error/recovery cards plus normal live30s clip within15–60s and warm opaque night control; matched V1/root/offline/iframe certificate as sectionE/F.,"Native UI/render/SVG, Moon/stars/cloud motion and settings, representative generated offline/iframe entry.","Card325x530/header/footer readable; six rows fit; no stars through admitted opaque disc; visibly supported default motion, reduced preference and motion=full; no per-frame request storm. Reuse only exact qualified inputs/interfaces.","Proposed, not executed: installed Chromium and Firefox on Windows AMD64, serial fresh disposable contexts; viewport 370x570 CSS px, DPR 1; card 325x530. Root generated index.html is the main consumer. Representative offline.html and 330x534 Pages-shaped iframe checks use the same controlled inputs. Record actual browser build, OS, fonts, viewport, DPR, entry URL, original/observed script hashes and fixture SHA256. Default no-preference motion, no simTime/timeScale for live recovery/motion; standard native performance.now and timers.",Original product preservation gates remain intact without claiming new whole-scene startup or science PASS.,evidence/R0004/qualification/preservation.json + regression/card.png + regression/moon.png + regression/live30s.webm,Independent consumer reviewer inspects request/state traces and original PNG/clip; metrics cannot overrule pixels.,CLOSE-R0004
4,R0004,4.15,R0004-A07,"Accepted-row audit, all residual native/docs outputs, observation delta and original variant hashes; no unresolved product counterexample.",All actual authored/generated mutation sites and closure certificate.,"Independent reviewer reconciles every accepted/residual row, first-frame/native body/Image specificity, controls, hashes and limitations; no TODO/aggregate PASS substitutes.","Independent exact-revision review of raw receipts, fixtures, generated-consumer mappings and pixels; no replay when reuse rules hold.",Exact-revision qualification certificate accounts for all mandatory rows.,evidence/R0004/qualification/closure-certificate.json + qualification/review.md,Cold independent issue/consumer reviewer plus primary reconciliation.,CLOSE-R0004
4,R0004,4.15,R0004-A08,Owner-authorized final README.md and ARCHITECTURE.md enumerated facts/fixture/evidence revision plus current public runtime byte identity ff728552442f4bcce7f213a089bf01d4cf70ea8d74040bdd3323768ca453beee; current issue body and parent audit comment unchanged or reconciled.,Public root runtime and representative actual consumer; published README.md and ARCHITECTURE.md and evidence comment.,"Required README.md and ARCHITECTURE.md enumerated facts merge/public delivery and immutable evidence accessibility verified; served runtime SHA matches qualified consumer; actual public consumer readback, exact comment posted/read back BEFORE separately authorized manual completed closure.",Owner-authorized merge/publication/delivery followed by independent HTTP byte readback and actual public consumer readback in an isolated profile.,"Delivered source/docs/evidence agree; remain open on missing delivery, drift or native gap.",evidence/R0004/delivery/source-docs-readback.json + delivery/comment-readback.json,"Different reader verifies served bytes, published README.md and ARCHITECTURE.md, exact comment/state after owner lease; this spec grants none.",CLOSE-R0004
6,R0006,6.13,R0006-A01,Final README.md clauses enumerated in sectionD; compare source/interfaces and current old prose with candidate diff.,README.md Features; no ARCHITECTURE.md delivery prerequisite for this issue.,Every enumerated fact is supported by bound source and native outcome; obsolete unconditional claims removed; no new runtime/schema/provider scope.,Documentation diff on the authorized final checkout; no browser or runtime test required for prose-only edits.,Truthful bounded unavailable/recovery/location-day/precision documentation as applicable.,evidence/R0006/docs/review.json + docs/patch.diff,Independent docs reviewer checks clauses against actual source and native receipts; primary coalesces shared hunks.,CLOSE-R0006
6,R0006,6.15,R0006-A02,"UTC initial2026-09-07T12:00Z, native real-time Date advancing from injected base, lat24.47/lon39.61/method4/school0/UTC, empty selected cache. Three fetches return ok headers immediately but json promises never settle. Start>=0, restore network/body behavior before real elapsed60000ms; healthy fourth current response uses admitted ordinarySep7.",actual boot/loadPrayerData/fetchTimings/full body Promise.race -> finishAttempt/finishPrayerRequest -> real startRenderLoop/maintainPrayerDay -> render,"Three initial attempts, real10000ms deadlines and900/1800ms backoffs; nominal deadline sum32700ms plus measured scheduling delay. No surviving owned attempt timers or stuck slot after failure; unavailable UI. No current operation during cooldown; first eligible visible frame at/after60000ms dispatches healthy current request4, then first recovered actual card. Late stalled body release cannot change accepted state or timer/slot.","Proposed, not executed: installed Chromium and Firefox on Windows AMD64, serial fresh disposable contexts; viewport 370x570 CSS px, DPR 1; card 325x530. Root generated index.html is the main consumer. Representative offline.html and 330x534 Pages-shaped iframe checks use the same controlled inputs. Record actual browser build, OS, fonts, viewport, DPR, entry URL, original/observed script hashes and fixture SHA256. Default no-preference motion, no simTime/timeScale for live recovery/motion; standard native performance.now and timers.",The same civil day recovers without reload/midnight; correct timetable and truthful cache persist.,evidence/R0006/browser/cold-body-recovery/trace.json + loading.png + unavailable.png + first-recovered.png + timers.json,Independent consumer reviewer inspects request/state traces and original PNG/clip; metrics cannot overrule pixels.,CLOSE-R0006
6,R0006,6.15,R0006-A03,Same-day cold prompt-failure fixture; hide/offscreen actual iframe during cooldown before60000ms and resume after fence (e.g65000ms). Separate freeze/accelerated native clock controls retain real elapsed scheduler and new-generation replacement; all timers remain real.,real document visibility/intersection -> existing setVis/start/stop -> first resumed loop/maintainPrayerDay,"No new background loop acquisition while paused; on resume exactly one eligible operation, no catch-up operation per missed minute/frame, healthy request4 first paint. Old finally cannot release current successor. Record actual visibility/intersection events, not an unrelated asset resume.","Proposed, not executed: installed Chromium and Firefox on Windows AMD64, serial fresh disposable contexts; viewport 370x570 CSS px, DPR 1; card 325x530. Root generated index.html is the main consumer. Representative offline.html and 330x534 Pages-shaped iframe checks use the same controlled inputs. Record actual browser build, OS, fonts, viewport, DPR, entry URL, original/observed script hashes and fixture SHA256. Default no-preference motion, no simTime/timeScale for live recovery/motion; standard native performance.now and timers.",Recovery is bounded by visible opportunities; no background guarantee is implied.,evidence/R0006/browser/hidden-resume/trace.json + hidden-state.json + first-resumed-recovered.png,Independent consumer reviewer inspects request/state traces and original PNG/clip; metrics cannot overrule pixels.,CLOSE-R0006
6,R0006,6.15,R0006-A04,"Two prompt failed current attempts followed by valid third (request waits900/1800ms); separate valid selected current-day cache with offline refresh and denied writes; matching tomorrow succeeds then maintain opportunities, then promote actual next civil day.",same real loader/attempt budget/cache path and actual prefetch/adoption loop,Third success commits once with no fourth current retry. Valid cache never blanks; matching usable tomorrow causes no redundant request; after promotion next civil successor becomes eligible once. Record operation and attempt counts separately; keep accepted deadline/cold-branch/cooldown negative mutant TAP linked.,"Proposed, not executed: installed Chromium and Firefox on Windows AMD64, serial fresh disposable contexts; viewport 370x570 CSS px, DPR 1; card 325x530. Root generated index.html is the main consumer. Representative offline.html and 330x534 Pages-shaped iframe checks use the same controlled inputs. Record actual browser build, OS, fonts, viewport, DPR, entry URL, original/observed script hashes and fixture SHA256. Default no-preference motion, no simTime/timeScale for live recovery/motion; standard native performance.now and timers.",Healthy loads and normal cache/prefetch functionality remain usable.,evidence/R0006/browser/liveness-controls/trace.json + cache-current.png + third-success.png,Independent consumer reviewer inspects request/state traces and original PNG/clip; metrics cannot overrule pixels.,CLOSE-R0006
6,R0006,6.15,R0006-A05,Input-bound first/loading/error/recovery cards plus normal live30s clip within15–60s and warm opaque night control; matched V1/root/offline/iframe certificate as sectionE/F.,"Native UI/render/SVG, Moon/stars/cloud motion and settings, representative generated offline/iframe entry.","Card325x530/header/footer readable; six rows fit; no stars through admitted opaque disc; visibly supported default motion, reduced preference and motion=full; no per-frame request storm. Reuse only exact qualified inputs/interfaces.","Proposed, not executed: installed Chromium and Firefox on Windows AMD64, serial fresh disposable contexts; viewport 370x570 CSS px, DPR 1; card 325x530. Root generated index.html is the main consumer. Representative offline.html and 330x534 Pages-shaped iframe checks use the same controlled inputs. Record actual browser build, OS, fonts, viewport, DPR, entry URL, original/observed script hashes and fixture SHA256. Default no-preference motion, no simTime/timeScale for live recovery/motion; standard native performance.now and timers.",Original product preservation gates remain intact without claiming new whole-scene startup or science PASS.,evidence/R0006/qualification/preservation.json + regression/card.png + regression/moon.png + regression/live30s.webm,Independent consumer reviewer inspects request/state traces and original PNG/clip; metrics cannot overrule pixels.,CLOSE-R0006
6,R0006,6.16,R0006-A06,"Accepted-row audit, all residual native/docs outputs, observation delta and original variant hashes; no unresolved product counterexample.",All actual authored/generated mutation sites and closure certificate.,"Independent reviewer reconciles every accepted/residual row, first-frame/native body/Image specificity, controls, hashes and limitations; no TODO/aggregate PASS substitutes.","Independent exact-revision review of raw receipts, fixtures, generated-consumer mappings and pixels; no replay when reuse rules hold.",Exact-revision qualification certificate accounts for all mandatory rows.,evidence/R0006/qualification/closure-certificate.json + qualification/review.md,Cold independent issue/consumer reviewer plus primary reconciliation.,CLOSE-R0006
6,R0006,6.16,R0006-A07,Owner-authorized final README.md enumerated facts/fixture/evidence revision plus current public runtime byte identity ff728552442f4bcce7f213a089bf01d4cf70ea8d74040bdd3323768ca453beee; current issue body and parent audit comment unchanged or reconciled.,Public root runtime and representative actual consumer; published README.md and evidence comment.,"Required README.md enumerated facts merge/public delivery and immutable evidence accessibility verified; served runtime SHA matches qualified consumer; actual public consumer readback, exact comment posted/read back BEFORE separately authorized manual completed closure.",Owner-authorized merge/publication/delivery followed by independent HTTP byte readback and actual public consumer readback in an isolated profile.,"Delivered source/docs/evidence agree; remain open on missing delivery, drift or native gap.",evidence/R0006/delivery/source-docs-readback.json + delivery/comment-readback.json,"Different reader verifies served bytes, published README.md, exact comment/state after owner lease; this spec grants none.",CLOSE-R0006
7,R0007,7.12,R0007-A01,"Same spring01:30 fixture and actual generated entry, plus isolated variant changing only returned leftMin to wall subtraction210. Source fixture previously measured byte-identical drawArc SVG SHAeceaccdbe1d9fcb9a72fdab3a601a2a0d0c48db6c968bb1a489b29500a60d2d1; do not assume native hash without measuring.",real drawArc(M) -> .arc.innerHTML -> native raster/card geometry,Actual SVG equality between original and interval-only variant for same M wall fields; defined nucleus/marker representation and Dhuhr geometry preserved. Independent reviewer inspects matching arc crops and card/footer positions. Original .left150 control rejects wall-subtraction210 variant; no pixel-equality tolerance is invented for unrelated fonts/dynamic sky.,"Proposed, not executed: installed Chromium and Firefox on Windows AMD64, serial fresh disposable contexts; viewport 370x570 CSS px, DPR 1; card 325x530. Root generated index.html is the main consumer. Representative offline.html and 330x534 Pages-shaped iframe checks use the same controlled inputs. Record actual browser build, OS, fonts, viewport, DPR, entry URL, original/observed script hashes and fixture SHA256. Default no-preference motion, no simTime/timeScale for live recovery/motion; standard native performance.now and timers.",The corrected interval does not move real prayer arc/marker/layout; native pixels substantiate the source SVG control.,evidence/R0007/browser/arc-control/trace.json + original-arc.png + wall-mutant-arc.png + original-vs-variant.svg,Independent consumer reviewer inspects request/state traces and original PNG/clip; metrics cannot overrule pixels.,CLOSE-R0007
7,R0007,7.12,R0007-A02,Input-bound first/loading/error/recovery cards plus normal live30s clip within15–60s and warm opaque night control; matched V1/root/offline/iframe certificate as sectionE/F.,"Native UI/render/SVG, Moon/stars/cloud motion and settings, representative generated offline/iframe entry.","Card325x530/header/footer readable; six rows fit; no stars through admitted opaque disc; visibly supported default motion, reduced preference and motion=full; no per-frame request storm. Reuse only exact qualified inputs/interfaces.","Proposed, not executed: installed Chromium and Firefox on Windows AMD64, serial fresh disposable contexts; viewport 370x570 CSS px, DPR 1; card 325x530. Root generated index.html is the main consumer. Representative offline.html and 330x534 Pages-shaped iframe checks use the same controlled inputs. Record actual browser build, OS, fonts, viewport, DPR, entry URL, original/observed script hashes and fixture SHA256. Default no-preference motion, no simTime/timeScale for live recovery/motion; standard native performance.now and timers.",Original product preservation gates remain intact without claiming new whole-scene startup or science PASS.,evidence/R0007/qualification/preservation.json + regression/card.png + regression/moon.png + regression/live30s.webm,Independent consumer reviewer inspects request/state traces and original PNG/clip; metrics cannot overrule pixels.,CLOSE-R0007
7,R0007,7.14,R0007-A03,Final README.md clauses enumerated in sectionD; compare source/interfaces and current old prose with candidate diff.,README.md Features; no ARCHITECTURE.md delivery prerequisite for this issue.,Every enumerated fact is supported by bound source and native outcome; obsolete unconditional claims removed; no new runtime/schema/provider scope.,Documentation diff on the authorized final checkout; no browser or runtime test required for prose-only edits.,Truthful bounded unavailable/recovery/location-day/precision documentation as applicable.,evidence/R0007/docs/review.json + docs/patch.diff,Independent docs reviewer checks clauses against actual source and native receipts; primary coalesces shared hunks.,CLOSE-R0007
7,R0007,7.15,R0007-A04,"NewYork40.71/-74.01/method2/school0/time24; Fajr05:00,Sunrise06:00,Dhuhr12:00,Asr15:30,Maghrib18:00,Isha19:30. Natural boot controlledDate spring2026-03-08T01:30-05:00(06:30Z)→05:00-04:00(09:00Z); firstfall2026-11-01T01:30-04:00(05:30Z)→05:00-05:00(10:00Z); ordinary2026-09-07T01:30-04:00(05:30Z)→05:00-04:00(09:00Z). All admitted payload dates match.","actual model -> actual render/.nt/.left, drawArc/.arc and calendar/layout","Assert nextKey Fajr, nextTime05:00, correct Gregorian endpoint/zone, nowEpoch/nextEpoch independently and leftMin150/270/210 with actual .left durations ""2h 30m""/""4h 30m""/""3h 30m"".12h .nt=""5:00 AM"";24h=""05:00"". Save same-render original card/countdown/arc crops; no helper-only expected epoch.","Proposed, not executed: installed Chromium and Firefox on Windows AMD64, serial fresh disposable contexts; viewport 370x570 CSS px, DPR 1; card 325x530. Root generated index.html is the main consumer. Representative offline.html and 330x534 Pages-shaped iframe checks use the same controlled inputs. Record actual browser build, OS, fonts, viewport, DPR, entry URL, original/observed script hashes and fixture SHA256. Default no-preference motion, no simTime/timeScale for live recovery/motion; standard native performance.now and timers.",Elapsed countdown changes across DST while actual labels/arc/layout remain intact.,evidence/R0007/browser/dst-endpoints/trace.json + spring150-card.png + spring150-arc.png + fall270.png + ordinary210.png,Independent consumer reviewer inspects request/state traces and original PNG/clip; metrics cannot overrule pixels.,CLOSE-R0007
7,R0007,7.15,R0007-A05,"Separate explicit frozen lane before natural boot: NewYork, fixtureDate2026-03-08T04:30Z/localMar7, simTime=23:30 with timeScale omitted; actual flags TIMESCALE=0,FOLLOW_WALL_CLOCK=false,ADVANCING=false. CurrentMar7 admitted, tomorrow absent/actualMar8prefetch held. Retain native performance/rAF/timers; release matchingMar8Fajr05:00EDT(09:00Z) at unchanged accepted04:30Z epoch. Run12/24h fresh realms. Separate wrong same-day/missing/gapMar8Fajr02:30 controls; foldNov1Fajr01:30 uses unique Oct31current23:30, pre-scriptDate2026-11-01T03:30Z and the same explicit mode. Live no-overrides is a different control.",actual prefetch/transport/adoptPrayerBundle -> _renderDirty -> first real visible render/.nt/.left/.times/date,"Unavailable .nt=em dash and .left=""Countdown unavailable""; no NaN/Infinity/inventedzero, valid six today rows/date stay. Separate wrong same-day/gap/fold controls cannot supply supported precision. Missing/held-tomorrow recovery reads TIMESCALE=0,FOLLOW_WALL_CLOCK=false,ADVANCING=false before/after actual unique matching prefetch settlement; next dirty native frame at the identical2026-03-08T04:30Z epoch restores ""05:00""/""5:00 AM"" and270m(""4h 30m""). Record no clock/manual-render call. FixedDate/no-overrides cannot pass the explicit frozen claim. No repeatedtodayFajr precision or automatic ambiguous-record replacement claim.","Proposed, not executed: installed Chromium and Firefox on Windows AMD64, serial fresh disposable contexts; viewport 370x570 CSS px, DPR 1; card 325x530. Root generated index.html is the main consumer. Representative offline.html and 330x534 Pages-shaped iframe checks use the same controlled inputs. Record actual browser build, OS, fonts, viewport, DPR, entry URL, original/observed script hashes and fixture SHA256. Default no-preference motion, no simTime/timeScale for live recovery/motion; standard native performance.now and timers. Separate explicit frozen overnight/dirty-frame lane: before natural boot use NewYork, fixture Date2026-03-08T04:30Z (localMar7), simTime=23:30 and omit timeScale; observe TIMESCALE=0, FOLLOW_WALL_CLOCK=false and ADVANCING=false. Native performance/rAF/timers remain actual; accepted epoch stays 2026-03-08T04:30Z through actual Mar8 prefetch settlement and first dirty native frame. The sec-only mutant uses this same explicit frozen mode. Separate fall endpoint realm uses Date2026-11-01T03:30Z/localOct31 with simTime=23:30/no timeScale. Normal live recovery/motion remains a separate no-override control.",Unsupported precision remains honest until the genuine admitted future record/inverse is usable.,evidence/R0007/browser/overnight-recovery/trace.json + unavailable.png + wrong-gap-fold.png + first-recovered24.png + first-recovered12.png,Independent consumer reviewer inspects request/state traces and original PNG/clip; metrics cannot overrule pixels.,CLOSE-R0007
7,R0007,7.15,R0007-A06,"Existing independent source positives: fall00:30EDT→05:00EST330m, secondfall01:30EST→05:00EST210m, Kathmandu01:30+05:45→05:00+05:45210m, Dec31/Jan1, leap-day, exactAsr15:30→Maghrib18:00150m. Keep actual R0020 forward/back wall correction and R0005 day-return control; epoch+24h overnight variant and sec-only dirty-loop variant.",accepted actual-source model/render/clock consumers; affected native variant uses unchanged actual .left/.nt/render loop,"Reuse accepted exact-input source controls where unchanged. Native wall-subtraction variant fails spring150 and firstfall270 while ordinary210 stays valid; overnight epoch+24h yields wrong330 instead270. Native sec-only variant uses the same pre-boot NYsimTime23:30/omittedtimeScale lane as overnight, reads TIMESCALE0/FOLLOW_WALL_CLOCKfalse/ADVANCINGfalse and identical04:30Z epoch, and cannot restore first dirty-frame output after actual prefetch; healthy variant restores270m. Preserve rejected variants/healthy positives, no bypassed inverse/helper-only closure.","Proposed, not executed: installed Chromium and Firefox on Windows AMD64, serial fresh disposable contexts; viewport 370x570 CSS px, DPR 1; card 325x530. Root generated index.html is the main consumer. Representative offline.html and 330x534 Pages-shaped iframe checks use the same controlled inputs. Record actual browser build, OS, fonts, viewport, DPR, entry URL, original/observed script hashes and fixture SHA256. Default no-preference motion, no simTime/timeScale for live recovery/motion; standard native performance.now and timers. Separate explicit frozen overnight/dirty-frame lane: before natural boot use NewYork, fixture Date2026-03-08T04:30Z (localMar7), simTime=23:30 and omit timeScale; observe TIMESCALE=0, FOLLOW_WALL_CLOCK=false and ADVANCING=false. Native performance/rAF/timers remain actual; accepted epoch stays 2026-03-08T04:30Z through actual Mar8 prefetch settlement and first dirty native frame. The sec-only mutant uses this same explicit frozen mode. Separate fall endpoint realm uses Date2026-11-01T03:30Z/localOct31 with simTime=23:30/no timeScale. Normal live recovery/motion remains a separate no-override control.",Negative discrimination remains tied to original consumer expectations and ordinary controls.,evidence/R0007/browser/boundary-controls/reuse-and-mutation-review.json,Independent consumer reviewer inspects request/state traces and original PNG/clip; metrics cannot overrule pixels.,CLOSE-R0007
7,R0007,7.15,R0007-A07,Input-bound first/loading/error/recovery cards plus normal live30s clip within15–60s and warm opaque night control; matched V1/root/offline/iframe certificate as sectionE/F.,"Native UI/render/SVG, Moon/stars/cloud motion and settings, representative generated offline/iframe entry.","Card325x530/header/footer readable; six rows fit; no stars through admitted opaque disc; visibly supported default motion, reduced preference and motion=full; no per-frame request storm. Reuse only exact qualified inputs/interfaces.","Proposed, not executed: installed Chromium and Firefox on Windows AMD64, serial fresh disposable contexts; viewport 370x570 CSS px, DPR 1; card 325x530. Root generated index.html is the main consumer. Representative offline.html and 330x534 Pages-shaped iframe checks use the same controlled inputs. Record actual browser build, OS, fonts, viewport, DPR, entry URL, original/observed script hashes and fixture SHA256. Default no-preference motion, no simTime/timeScale for live recovery/motion; standard native performance.now and timers.",Original product preservation gates remain intact without claiming new whole-scene startup or science PASS.,evidence/R0007/qualification/preservation.json + regression/card.png + regression/moon.png + regression/live30s.webm,Independent consumer reviewer inspects request/state traces and original PNG/clip; metrics cannot overrule pixels.,CLOSE-R0007
7,R0007,7.16,R0007-A08,"Accepted-row audit, all residual native/docs outputs, observation delta and original variant hashes; no unresolved product counterexample.",All actual authored/generated mutation sites and closure certificate.,"Independent reviewer reconciles every accepted/residual row, first-frame/native body/Image specificity, controls, hashes and limitations; no TODO/aggregate PASS substitutes.","Independent exact-revision review of raw receipts, fixtures, generated-consumer mappings and pixels; no replay when reuse rules hold.",Exact-revision qualification certificate accounts for all mandatory rows.,evidence/R0007/qualification/closure-certificate.json + qualification/review.md,Cold independent issue/consumer reviewer plus primary reconciliation.,CLOSE-R0007
7,R0007,7.16,R0007-A09,Owner-authorized final README.md enumerated facts/fixture/evidence revision plus current public runtime byte identity ff728552442f4bcce7f213a089bf01d4cf70ea8d74040bdd3323768ca453beee; current issue body and parent audit comment unchanged or reconciled.,Public root runtime and representative actual consumer; published README.md and evidence comment.,"Required README.md enumerated facts merge/public delivery and immutable evidence accessibility verified; served runtime SHA matches qualified consumer; actual public consumer readback, exact comment posted/read back BEFORE separately authorized manual completed closure.",Owner-authorized merge/publication/delivery followed by independent HTTP byte readback and actual public consumer readback in an isolated profile.,"Delivered source/docs/evidence agree; remain open on missing delivery, drift or native gap.",evidence/R0007/delivery/source-docs-readback.json + delivery/comment-readback.json,"Different reader verifies served bytes, published README.md, exact comment/state after owner lease; this spec grants none.",CLOSE-R0007
8,R0008,R0008-O08,R0008-A08,"TZ-CAPTURE actual-entry positive: wall2026-03-08T07:35Z, NY config without simTime/timeScale/simWx; actual NY fetch body held; eligible same-generation prayer response adopts Riyadh metadata on same March8; unchanged generation/owning weather operation/attempt/slot; release NY current03:30/hourly03:30/04:30 before existing deadline. Pure parser supplementary; old-generation operation separate. TZ-TRACK negatives.",Actual wxEpoch/admitWeatherTrack/fetchWeather/beginRequest/attemptEligible/slots/cache.,"Reached actual wxEpoch(s,NY), two arguments, delegates to epochForTzTime(y,mo,d,h,mi,NY), sixth captured zone: NY03:30 resolves07:30Z despite globalRiyadh, healthy same-generation current/track/cache commit with captured identity and sourceAge300000ms. Ignored-zone mutant fails reached native consumer; obsolete operation cannot adopt/cache/clear successor; invalid/gap/fold/duplicate/decreasing track rejected. Early old rejection or pure parser alone does not qualify real caller.","Isolated native Chromium then Firefox on recorded Windows/version; viewport325x530,DPR1; actual root/config/fixture hashes; declared synthetic provider and per-document storage; pre-script clocks; optional astronomy503/date-only scope and actual settled fonts disclosed.","Reached actual wxEpoch(s,NY), two arguments, delegates to epochForTzTime(y,mo,d,h,mi,NY), sixth captured zone: NY03:30 resolves07:30Z despite globalRiyadh, healthy same-generation current/track/cache commit with captured identity and sourceAge300000ms. Ignored-zone mutant fails reached native consumer; obsolete operation cannot adopt/cache/clear successor; invalid/gap/fold/duplicate/decreasing track rejected. Early old rejection or pure parser alone does not qualify real caller.",evidence/R0008/native/captured-zone.json,Independent caller/ownership reviewer checks reached arguments/release trace and ignored-zone mutant.,CLOSE-R0008
8,R0008,R0008-O09,R0008-A09,TZ-TRACK valid independently admitted current plus rejected gap/fold/duplicate/decreasing hourly; invalid current time control.,Actual admitWeatherRecord/admitWeatherTrack/weatherEligibility/selectedWeather/header.,"Valid current selected despite rejected hourly; sourceAge300000ms/receiptAge0 in spring control; invalid epoch produces unavailable age/eligibility, never finite interpolation/age; current-model estimate policy unchanged.","Isolated native Chromium then Firefox on recorded Windows/version; viewport325x530,DPR1; actual root/config/fixture hashes; declared synthetic provider and per-document storage; pre-script clocks; optional astronomy503/date-only scope and actual settled fonts disclosed.","Valid current selected despite rejected hourly; sourceAge300000ms/receiptAge0 in spring control; invalid epoch produces unavailable age/eligibility, never finite interpolation/age; current-model estimate policy unchanged.",evidence/R0008/native/current-track.json,Independent weather/source-age reviewer checks selected object/target and actual header crop.,CLOSE-R0008
8,R0008,R0008-O12,R0008-A12,TZ-SCENES/TZ-RECOVERY/TZ-MODES; pre-script exact wall/day/zone; actual admitted matching provider payloads.,Actual boot/applyConfig/loadPrayerData/initSim/simulationReady/model/render.,Valid spring07:30Z/postfold08:30Z and six prayer rows; gap/fold unavailable before downstream work; settings reachable; old anchor/output withdrawn; recovery restores prior visibility/builders once; frozen/1/60 independent elapsed modes.,"Isolated native Chromium then Firefox on recorded Windows/version; viewport325x530,DPR1; actual root/config/fixture hashes; declared synthetic provider and per-document storage; pre-script clocks; optional astronomy503/date-only scope and actual settled fonts disclosed.",Valid spring07:30Z/postfold08:30Z and six prayer rows; gap/fold unavailable before downstream work; settings reachable; old anchor/output withdrawn; recovery restores prior visibility/builders once; frozen/1/60 independent elapsed modes.,evidence/R0008/native/scenes.json,"Separate native reviewer checks setup before initialization, matching days/provider zones, validity traces and valid/invalid/recovered crops.",CLOSE-R0008
8,R0008,R0008-O13,R0008-A13,"TZ-PROFILES fresh profile via actual model/hourly calls, same-day reuse, five days/revisit; uninstrumented matched warm control.",Actual native zoneDay/epochForTzTime cache and model/hourly callers.,"4321 inclusive projections/profile plus successful round trips, max4 in-memory profiles/fifth eviction; unsupported cache not rescanned; native cold/warm duration/input/heartbeat remains responsive, independently disposed. Stop on observed unresponsiveness; only unresolved cost tradeoff needs owner decision.","Isolated native Chromium then Firefox on recorded Windows/version; viewport325x530,DPR1; actual root/config/fixture hashes; declared synthetic provider and per-document storage; pre-script clocks; optional astronomy503/date-only scope and actual settled fonts disclosed.","4321 inclusive projections/profile plus successful round trips, max4 in-memory profiles/fifth eviction; unsupported cache not rescanned; native cold/warm duration/input/heartbeat remains responsive, independently disposed. Stop on observed unresponsiveness; only unresolved cost tradeoff needs owner decision.",evidence/R0008/native/profiles.json,"Independent performance reviewer checks attribution/matched controls; no sparse-search acceptance, VM containment timeout or routine owner signoff.",CLOSE-R0008
8,R0008,R0008-O14,R0008-A14,Matched valid/invalid/recovered scenes and source/input-equivalent full-renderer controls.,"Actual card/footer/withdrawn surfaces, full sky/Moon/motion/visibility consumers in separately scoped renderer control.","325x530 readable valid/recovered card; explicit invalid withdrawal; valid opaque calendar Moon and real15-60s motion/Delta where allowed, reduced/full/offscreen retained. Date-only503 run cannot pass whole-renderer properties; no cloud hash motion proof.","Isolated native Chromium then Firefox on recorded Windows/version; viewport325x530,DPR1; actual root/config/fixture hashes; declared synthetic provider and per-document storage; pre-script clocks; optional astronomy503/date-only scope and actual settled fonts disclosed.","325x530 readable valid/recovered card; explicit invalid withdrawal; valid opaque calendar Moon and real15-60s motion/Delta where allowed, reduced/full/offscreen retained. Date-only503 run cannot pass whole-renderer properties; no cloud hash motion proof.",evidence/R0008/regression/reuse-and-crops.json,Independent pixel/lifecycle reviewer signs source/input/consumer equivalence or affected PNG/clip/Delta rerun.,CLOSE-R0008
8,R0008,R0008-O15,R0008-A15,"Exact docs facts enumerated in specD, matched to unchanged source.",Delivered DESIGN atmosphere/timeScale/resolver documentation.,"Minute precision, integer Gregorian/positive representable years, whole-minute offsets<=24h, U-24h..U+48h inclusive4321, gap/fold/unsupported unavailable,4-profile reuse, invalid-scene withdrawal/recovery and one API/two authority/explicit1x distinction stated accurately.",Read-only/source documentation review then actual approved merged/public document; no browser simulation substitutes.,"Minute precision, integer Gregorian/positive representable years, whole-minute offsets<=24h, U-24h..U+48h inclusive4321, gap/fold/unsupported unavailable,4-profile reuse, invalid-scene withdrawal/recovery and one API/two authority/explicit1x distinction stated accurately.",evidence/R0008/docs/facts-review.json,Independent documentation/source reviewer checks exact final prose/diff and raw/Pages hashes.,CLOSE-R0008
8,R0008,R0008-O16,R0008-A16,All16 parent rows reconciled against retained/new evidence; four required mutants and healthy controls.,"Final authored/generated source, invoked callers/docs, actually delivered consumer and issue proof.","Every residual qualified, accepted scopes retained, no unapproved provider/schema/scheduler redesign, independent/cold/primary review, required merge/public docs/runtime identity and proof comment readback precede authorized closure.","Exact final source/tree/runtime/root/docs hashes, fixture/host/config identities and actual public readback; not an unmerged branch.","Every residual qualified, accepted scopes retained, no unapproved provider/schema/scheduler redesign, independent/cold/primary review, required merge/public docs/runtime identity and proof comment readback precede authorized closure.",evidence/R0008/closure-certificate.json,Independent final reviewer plus primary delivery/closure reconciliation.,CLOSE-R0008
11,R000B,B04,R000B-A01,"WALL=2026-09-07T21:00:00Z, UTC, generation0, SIM.wx=null/ADVANCING=false. HTTP200 manifest generated=WALL/1000, latest path=/v2/radar/test; independently set past[0].time absent, null, ""1788814800"", -1, 1e309 JSON token (JSON.parse produces Infinity), and Number.MAX_VALUE as legal JSON. Separately hold frame time healthy and apply the same malformed/overflow set to generated/index seconds; retain a fresh finite frame/index control. In a separately labelled VM json() double also pass NaN and Infinity (not JSON wire values).",Actual fetchRadar → wxFetchJson → wxRadarSample → weatherRadar → radarEvidence/qaState; actual gateWeatherCode/atmosphere,"Binding B04 oracle: validate raw numeric frame and index seconds, convert each once, and require a finite valid derived epoch before Image dispatch or admission/install. Absent/null/string/negative/nonfinite raw frame time or finite-seconds multiplication overflow must dispatch no Image and install no invalid frame/index epoch; an invalid index epoch must not be installed or used as a frame-time substitute. For every rejection radarEvidence.available=false and radarPrecipNow()=0; pre-existing authority rejection alone cannot pass the admission row. Fresh finite frame/index control samples the actual fixture Image/canvas and preserves separate frame/index/receipt clocks. Check generated/index multiplication independently of a healthy frame; do not call Infinity a finite valid epoch.",Windows x64; Node v22.16.0; exact final generated index.html selected with SALAH_WEATHER_SOURCE; source-owning native file also selected in the hotfix suite. Contained fetch/Image/storage/DOM/wall and monotonic clocks; never native-browser or provider evidence.,"Hostile derived epochs rejected before their relevant Image/admission/install use, finite fresh diagnostic control available, zero radar mm and no strikes. The current consumer already withholds authority for nonfinite derived epochs; preserve that accepted fact. If actual acquisition nevertheless dispatches or stores invalid derived metadata, retain the exact RED diagnostic/admission receipt and gate a narrow authored finite-derived-frame/index epoch repair plus healthy proof and future delivery authorization. This is not a demonstrated public precipitation effect defect. No authority-only closure interpretation is permitted without a separately explicit owner amendment.",evidence/R000B/R000B-A01/receipt.json,"Cold reviewer checks exact source extraction, pre/post mutation hashes, unchanged oracle, intended assertion failure and surviving healthy control; syntax/harness failure is not mutation detection.",CLOSE-R000B
11,R000B,B13,R000B-A02,"Same fixed UTC acquisition as A01; current.time=""invalid"", ""NaN"", absent, null and calendar-invalid string, interval=900, WMO95/temp20/precip2/cloud95; valid aligned hourly may be retained independently. Separately label VM json() current.time=NaN. Healthy control time=""2026-09-07T21:00"". Actual HTTP literal NaN is malformed JSON and exercises body rejection, not a valid NaN timestamp.",fetchWeather → admitWeatherRecord/wxEpoch → selectedWeather → atmosphere/paintWeatherHeader/native-host-hooks,"Derived currentValidAt must remain unavailable/nonfinite and currentEligible=false on malformed time; lastWxAt not renewed, no live current chip/temp/particles; valid hourly cannot substitute for live current. Stored raw diagnostic record may survive with null epoch. Healthy control installs/cache temp20 and eligible quantity-supported model rain, direct observation false, strikes off.",Windows x64; Node v22.16.0; exact final generated index.html selected with SALAH_WEATHER_SOURCE; source-owning native file also selected in the hotfix suite. Contained fetch/Image/storage/DOM/wall and monotonic clocks; never native-browser or provider evidence.,"Explicit acquired malformed/NaN-derived metadata discriminator with prior accepted old/future/boundary rows reused, not relabelled as new execution.",evidence/R000B/R000B-A02/receipt.json,"Cold reviewer checks exact source extraction, pre/post mutation hashes, unchanged oracle, intended assertion failure and surviving healthy control; syntax/harness failure is not mutation detection.",CLOSE-R000B
11,R000B,B14,R000B-A03,"Four isolated actual-source copies: (M1) substitute currentValidAt with retrievedAt in current eligibility; (M2) substitute radar frameGeneratedAt with retrievedAt in radar eligibility; (M3) bypass real-time per-use source expiry while retaining admission; (M4) change captured request-zone use to mutable global tz. Use existing four-hour current/repeated old-frame, acquired-fresh→900001ms→offline consumer and New York2026-03-08T03:30→07:30Z/globalRiyadh witnesses.",Actual acquisition/cache/selection/atmosphere/header/native-host capture and explicit-zone converter; mutations made only in disposable source copies,"M1 old-current must wrongly become eligible and its no-current witness RED; M2 repeated old-frame must wrongly become diagnostic-available and its frame-age witness RED; M3 expired header/temp/cloud/effects withdrawal witness RED; M4 captured-zone witness RED. One anchor per mutation, one mutation per run; healthy fresh/timezone controls still pass. Full final-source GREEN paired with each expected assertion RED.",Windows x64; Node v22.16.0; exact final generated index.html selected with SALAH_WEATHER_SOURCE; source-owning native file also selected in the hotfix suite. Contained fetch/Image/storage/DOM/wall and monotonic clocks; never native-browser or provider evidence.,"Four detected independent regressions, not four command errors; retain unmodified fixture TODOs and separately map replacement controls.",evidence/R000B/R000B-A03/receipt.json,"Cold reviewer checks exact source extraction, pre/post mutation hashes, unchanged oracle, intended assertion failure and surviving healthy control; syntax/harness failure is not mutation detection.",CLOSE-R000B
11,R000B,B16,R000B-A04,"Native night at wall2026-09-07T18:44:50Z (Asia/Riyadh21:44:50); controlled CURRENT source time21:30:00/interval900/WMO63/temp24/precip2/cloud70, receipt initially fresh. Wall advances at1x; source eligibility inclusive until18:45:00Z, unavailable after +1ms; controlled refresh503, then healthy next eligible native weather retry with current quarter-hour time. Keep no simWx/simTime/timeScale, force calendar phase only simMoon=.5/simMoonAlt=20/simMoonH=42 if needed and disclose it. Repeat no-preference, reduced-motion default and motion=full override; capture ≥15–60s allowed-motion clip.",Actual browser HTTP acquisition → native render/header/precip/cloud painter/Moon overlay/native host; no installModel recovery helper,"325×530 card and readable header/footer throughout; initial/recovered model particles from cloud systems; expired header em dash/temp blank/effects off, prayer rows independent. Opaque half-Moon/stars never visible through disc; cloud population retains identity and continuous drift/morph, no reseed/slideshow. Screenshot/clip reviewer decides; qaState.clouds.hash forbidden as motion evidence. OS reduced default reduces motion and motion=full restores it.","Windows x64; installed Chromium and Firefox via tools/cp9/browser_runtime.py; record actual executable/version. Fresh profile per case, private Map storage, 390×600 viewport, DPR 1, 325×530 card, Asia/Riyadh browser zone, fixed-site lat24.47/lon39.61, method4/school0/Celsius/seed1; source/runtime/fixture hashes bound. No local=1 unless config is seeded before parse.","B16 remaining night/opacity/continuity proof; reuse B15 V45 day expiry503→real retry evidence only for unchanged exact weather regions. This is controlled native1x elapsed proof, not live provider or all-phase lunar qualification.",evidence/R000B/R000B-A04/receipt.json,Independent native reviewer reads network/owner/admitted/cache/DOM receipts and actually inspects card/header/footer/Moon/cloud crops or clip; numeric PASS cannot override pixels. Primary reconciles exact candidate.,CLOSE-R000B
11,R000B,B17,R000B-A05,"Review README Features/Auto-retry/Credits; DESIGN Weather truthfulness/API & data/URL-debug/Known approximations; HANDOFF running weather limitation. Compare to actual qaState.wxTruth cache/age/request diagnostics; no QA.md or DIAGNOSTICS.md exists, so use the existing DESIGN diagnostic section rather than inventing a second manual.",Public prose and actual selectedWeather/radarEvidence/qaState diagnostic contract,"State separate model-valid/currentTime/currentZone/preceding interval/retrievedAt, radar frameGeneratedAt/indexGeneratedAt/retrievedAt; processing duration not epoch; 15m/20m inclusive both source+receipt, future allowance0, cache retention6h not authority; expired unavailable dash/blank/effects off, prayer cache distinct, clock-skew limitation, no local observation/coverage/offline guarantee. Correct contradictory current nowcast wording only where it presents current behavior; preserve historical commit provenance.",Static exact candidate prose plus retained source/consumer receipts; no browser required for documentation review,"All required facts explicit in coherent public docs; missing diagnostic fields, if discovered, become a narrow source gap with a red fixture before edit.",evidence/R000B/R000B-A05/receipt.json,"Independent documentation reviewer compares every stated fact with pinned source and actual consumer receipts, then rejects observation/arrival/offline/cancellation overclaims.",CLOSE-R000B
11,R000B,B18,R000B-A06,"Join all18 original B rows, A01–A05 receipts, unchanged V45 source-equivalence and delivered baseline; candidate commit/tree/runtime/root-index/config/source/fixture hashes; current body/discussion marker check before future effects.",Independent joined temporal/cache/consumer review → future merged/deployed served consumer → exact evidence comment → separately authorized manual closure,"Every residual row mapped, no metadata-only closure, no unexecuted mutant/pixel promotion. If runtime unchanged, prove exact served18ff hash still matches; if narrow guard changed, build authored owner, obtain merge/delivery authorization, verify new public bytes and relevant unavailable/fresh consumer, then publish proof/read it back. Existing audit comment already posted and issue remains open; new spec publication alone is not closure.",Immutable candidate/release/public-source readback and issue readback,CLOSE-R000B certificate only after actual required delivery and primary reconciliation.,evidence/R000B/R000B-A06/receipt.json,"Different reviewer checks complete accepted-plus-residual matrix, delivery identity and immutable evidence hashes; primary approves exact comment before any separately authorized publication/closure.",CLOSE-R000B
12,R000C,C14,R000C-A01,"Four independent actual-source variants: restore direct Math.round(cu.temperature_2m); remove r.ok gate in wxFetchJson; replace loadWx admitted normalization with raw c.w; restore loose hourly h[k]||[]/omit alignment (required temp/code and optional length). Retain null/absent current temp, healthy-shapedHTTP500, cache999/precip""Infinity"", two hourly times with one required/optional element and both-null endpoint witnesses. VM clock2026-09-07T21:00Z/UTC/site24.47,39.61/Celsius, generation0.",fetchWeather/admitWeatherRecord/loadWx/admitWeatherTrack/wxAt → installed/cache → actual atmosphere/header/effects,"Each source mutation makes corresponding installed/cache/consumer assertion fail, unchanged healthy input temp20, true0, negative C/F and wet controls pass. HTTP500 mutant witness must be otherwise healthy-shaped, because malformed500 may remain rejected by another gate. Preserve changed fragment, original/mutant source hashes, test command and expected assertion failure; one variant at a time.",Windows x64; Node v22.16.0; exact final generated index.html selected with SALAH_WEATHER_SOURCE; source-owning native file also selected in the hotfix suite. Contained fetch/Image/storage/DOM/wall and monotonic clocks; never native-browser or provider evidence.,"Four genuine RED controls and paired GREEN, without production edits or oracle weakening.",evidence/R000C/R000C-A01/receipt.json,"Cold reviewer checks exact source extraction, pre/post mutation hashes, unchanged oracle, intended assertion failure and surviving healthy control; syntax/harness failure is not mutation detection.",CLOSE-R000C
12,R000C,C15,R000C-A02,"Prepared audit run_weather_browser_v2.py --issue12 modes12-null-temp/12-zero-temp/12-invalid-precip/12-wet, fixed2026-09-07T09:30Z/AsiaRiyadh12:30/native fixed-site. Extend a versioned copy with12-absent-temp (delete property, not null). CURRENT WMO95/cloud95/interval900; temp null, absent,0,20; invalid amount""Infinity"" vs genuine2mm. Fixture Response.json is native but response is supplied by controlled fetch, not a real provider/wire acquisition; retain that limitation. Add acquired quantity0 as separate dry control.",Actual generated fetchWeather → normalized raw/cache → paintWeatherHeader/data-fx/data-precip and particle DOM,"Null and absent temp stay null in state/cache and header empty, not0°/NaN°. Genuine0 displays0°, normal20 displays20°. Invalid amount normalized null/admission reason and numeric0 remains0; both particles0, lightning off; raw model95 icon/data-fx may remain ⛈️/thunder with uncertainty under H5/H8. Genuine2mm yields particles>0/model rain permission while direct observation/strike remain false. Require actual fetch call and native jsonReads, no model installation helpers.","Windows x64; installed Chromium and Firefox via tools/cp9/browser_runtime.py; record actual executable/version. Fresh profile per case, private Map storage, 390×600 viewport, DPR 1, 325×530 card, Asia/Riyadh browser zone, fixed-site lat24.47/lon39.61, method4/school0/Celsius/seed1; source/runtime/fixture hashes bound. No local=1 unless config is seeded before parse.",Five prepared/extended temperature-amount cases plus0mm negative prove actual native consumer; image alpha remains unitless and cannot supply wet permission.,evidence/R000C/R000C-A02/receipt.json,Independent native reviewer reads network/owner/admitted/cache/DOM receipts and actually inspects card/header/footer/Moon/cloud crops or clip; numeric PASS cannot override pixels. Primary reconciles exact candidate.,CLOSE-R000C
12,R000C,C16,R000C-A03,"Use A02 controlled null/absent/zero/invalid/0mm/wet browser outputs at325×530; add one night half-Moon (.5/alt20/h42) with same malformed amount then eligible recovery, 30s real-time no-preference motion and reduced-motion/full override. Retain explicit SIM95/p0 and SIM95/p5 plus current-clear/hourly-thunder and ADVANCING forecast-labelled controls from unchanged logic fixtures.","Actual card/header/footer/prayer rows/Moon foreground/cloud drift/particles, live versus SIM/preview consumers","Unclipped footer/header, unchanged buckle cut-out and stack, opaque Moon with no stars through, visibly continuous clouds/live allowed motion, no new provider/config/unit/installer behavior. Motion judged from clip/Δ not hash. Missing temperature alone cannot suppress otherwise quantity-supported model particles; malformed amount does. No raw95 condition downgrade oracle imported from pre-H5 fixtures.","Windows x64; installed Chromium and Firefox via tools/cp9/browser_runtime.py; record actual executable/version. Fresh profile per case, private Map storage, 390×600 viewport, DPR 1, 325×530 card, Asia/Riyadh browser zone, fixed-site lat24.47/lon39.61, method4/school0/Celsius/seed1; source/runtime/fixture hashes bound. No local=1 unless config is seeded before parse.",C16 affected hostile/zero pixels and scoped SIM/motion/Moon preservation; retain independent Sun/V5/star/currentness receipts if exact sources/inputs unchanged.,evidence/R000C/R000C-A03/receipt.json,Independent native reviewer reads network/owner/admitted/cache/DOM receipts and actually inspects card/header/footer/Moon/cloud crops or clip; numeric PASS cannot override pixels. Primary reconciles exact candidate.,CLOSE-R000C
12,R000C,C17,R000C-A04,README Features and weather-value paragraph plus DESIGN Weather truthfulness/URL-debug; compare null/0 and malformed acquisition receipts.,Public exposed measurement semantics,"Explain unavailable temp blank versus genuine0°; absent/invalid quantities retain null/reason and cannot authorize particles, genuine0 is dry model amount not fabricated measurement. Valid condition can remain despite absent optional measurements; Celsius/Fahrenheit request-bound and finite negative values allowed; no new validator package, cache migration or retrospective claim distinguishing old coerced0 from genuine0.",Static exact candidate prose and raw/cache/UI evidence,"Concise accurate prose, existing keys/schema/builder units/installers/presets compatible.",evidence/R000C/R000C-A04/receipt.json,"Independent documentation reviewer compares every stated fact with pinned source and actual consumer receipts, then rejects observation/arrival/offline/cancellation overclaims.",CLOSE-R000C
12,R000C,C18,R000C-A05,Original reporter RED bound to fd2972ba64225fe9d6848e92497e6d0ed20ea624 and candidate9d9c43649748555afbe09e3ca49bc47db2d7e7bb; current accepted13 plus residual5 row join; A01–A04 exact final hashes/source and consumer receipts.,Independent reachability/current-plus-track/cache review → required merged/public delivery → future evidence comment/readback → authorized closure,"Do not rerun historical defect to invent new provenance or credit pre-PR42 admission solely to PR42. If production unchanged, reuse exact18ff delivered bytes but verify public relevant null/0/model UI readback against controlled case where feasible, local controlled native proof separately labelled. If source changed following detected counterexample, build native owner, deliver approved candidate then relevant public healthy/unavailable native readback. All C rows satisfied/superseded before closure; original audit remains intact.",Immutable source/evidence/candidate/public and issue readback,"CLOSE-R000C certificate retains original RED, actual native and independent final-tree proof; no claim from TODO or planning result.",evidence/R000C/R000C-A05/receipt.json,"Different reviewer checks complete accepted-plus-residual matrix, delivery identity and immutable evidence hashes; primary approves exact comment before any separately authorized publication/closure.",CLOSE-R000C
13,R000D,D11,R000D-A01,"Three independent actual-source variants in isolated copies: move await r.json outside fetch/body deadline or clear body timer after headers; remove finishRequest-owned busy cleanup guard (wxBusy/radarBusy unconditional); omit wxRadarSample image deadline timer. Use held weather+manifest body9999→10000, active successor after old finally, heldImage9999→10000/saved callback cases. performance.now and timer queue independent of fixed Date.now; actual test declarations extracted.",wxFetchJson/fetchWeather/fetchRadar/finishAttempt/finishRequest/wxRadarSample through actual source fixture,"Body mutant must produce unsettled/owned-busy at10000 or unauthorized late state and fail bounded-body assertion; cleanup mutant must clear B and fail successor-busy assertion; Image mutant must leave owned wait/handlers and fail image deadline assertion. Healthy weather/two stages9999+9999=19998ms still accepted; ordinary error, delayed timer absolute10001, old load/error/rejection remain paired controls. Runner itself has bounded outer watchdog so a mutant cannot hang the evidence lane.",Windows x64; Node v22.16.0; exact final generated index.html selected with SALAH_WEATHER_SOURCE; source-owning native file also selected in the hotfix suite. Contained fetch/Image/storage/DOM/wall and monotonic clocks; never native-browser or provider evidence.,"Three detected semantic regressions with exact before/after fragments/hash/commands, no syntax failure counted.",evidence/R000D/R000D-A01/receipt.json,"Cold reviewer checks exact source extraction, pre/post mutation hashes, unchanged oracle, intended assertion failure and surviving healthy control; syntax/harness failure is not mutation detection.",CLOSE-R000D
13,R000D,D12,R000D-A02,"Five separate fresh native cases: weather headers held; weather body held after HTTP200 headers/partial JSON; radar manifest headers held; manifest body held after headers/partial JSON; radar Image held after a healthy manifest. Map original provider URLs to same-origin loopback server through a narrow fetch redirect while retaining native fetch/Response.json and real Image/canvas. Server records arrival, header flush, partial body byte count, hold release and per-case request ID. Send Content-Length for full JSON/PNG and keep response incomplete until after deadline. No promise-only fetch double or sky-asset case substituted.",Actual native fetchWeather/fetchRadar → application stage timeout → finishAttempt/finishRequest → next eligible native poll → chip/effect or radar diagnostic consumer,"Real performance/timeouts, no fake setTimeout: prove active stage before deadline and first terminal observation after scheduled10000ms, reason fetch/body/image timeout, own slot released, no accepted data/cache/timestamp renewal. Browser scheduling latency recorded, not claim exactly10000wallms. Weather healthy replacement after >=60000ms since lastWxTry and next existing ~30s native poll; no premature retry. Radar has >=600000ms wall eligibility: after actual10s stage proof use a disclosed wall-clock offset solely to cross throttle, then next existing poll, or watch real10m. Generate healthy replacement timestamps from advanced clock. Never reset lastRadarAt/invoke new fetch manually/reuse helper install as recovery.","Windows x64; installed Chromium and Firefox via tools/cp9/browser_runtime.py; record actual executable/version. Fresh profile per case, private Map storage, 390×600 viewport, DPR 1, 325×530 card, Asia/Riyadh browser zone, fixed-site lat24.47/lon39.61, method4/school0/Celsius/seed1; source/runtime/fixture hashes bound. No local=1 unless config is seeded before parse.",Five real application-stage timeout→new actual acquisition→functional recovery receipts. Weather restores admitted temp20/rain; radar restores fresh frame/sample in qaState but never radar mm or rain authority. Controlled clock-throttle proof is not a10m real-world watch.,evidence/R000D/R000D-A02/receipt.json,Independent native reviewer reads network/owner/admitted/cache/DOM receipts and actually inspects card/header/footer/Moon/cloud crops or clip; numeric PASS cannot override pixels. Primary reconciles exact candidate.,CLOSE-R000D
13,R000D,D12,R000D-A03,"Same five native transport cases; after timeout release the old partial body/Image while successor is active and then healthy. Normal native AbortSignal may close the old fetch, which must be recorded as cancellation rather than a delivered late body. Add one explicitly labelled ignored-abort control: omit only the captured signal when the fixture redirects to native same-origin fetch, leaving actual product deadline/owner logic unchanged, so the native Response.json body remains pending until the controlled server releases it. Add one superseded A→B target generation with B held and A late result. Observe real Image objects through a constructor proxy; disclose hook hash and detached .onload/.onerror. Saved callback invocation is separate contained fixture evidence.","Actual owner finalizer, late native body/Image completion, active B and cache/consumer state","Late A cannot install/persist or clear B. Image timeout detaches handlers; saved old load/error must be harmless in contained callback fixture, native late download cannot commit. Body late rejection observed without unhandled rejection. At no point renew current source/receipt time by timeout; actual healthy B restores consumer. No physical Image network cancellation or memory recovery claim.","Windows x64; installed Chromium and Firefox via tools/cp9/browser_runtime.py; record actual executable/version. Fresh profile per case, private Map storage, 390×600 viewport, DPR 1, 325×530 card, Asia/Riyadh browser zone, fixed-site lat24.47/lon39.61, method4/school0/Celsius/seed1; source/runtime/fixture hashes bound. No local=1 unless config is seeded before parse.",Race/late completion receipt distinct from successful recovery; existing Node deterministic boundary/race proof reused if exact interfaces unchanged.,evidence/R000D/R000D-A03/receipt.json,Independent native reviewer reads network/owner/admitted/cache/DOM receipts and actually inspects card/header/footer/Moon/cloud crops or clip; numeric PASS cannot override pixels. Primary reconciles exact candidate.,CLOSE-R000D
13,R000D,D13,R000D-A04,"Capture each held/terminal/recovered card and header/footer crop in A02, plus night held-body→expired-current→fresh half-Moon scene and≥15–60s cloud/star motion clip; default reduced and motion=full override. Weather unavailable can clear while prayers remain readable; healthy radar alone cannot create a rain icon/effect.",Actual native DOM/CSS/canvas/Moon/currentness/prayer/weather consumers,"Card325×530, footer entirely withincard/header cut-out intact, no status overlay/stack change; opaque Moon, no stars through, continuous weather-linked clouds, honest dash/blank unavailable and model-qualified recovered rain with no strike. Real-time allowed motion visible; reduced default respected. Pixels decide.","Windows x64; installed Chromium and Firefox via tools/cp9/browser_runtime.py; record actual executable/version. Fresh profile per case, private Map storage, 390×600 viewport, DPR 1, 325×530 card, Asia/Riyadh browser zone, fixed-site lat24.47/lon39.61, method4/school0/Celsius/seed1; source/runtime/fixture hashes bound. No local=1 unless config is seeded before parse.","D13 preservation specific to held/recovered weather scenes, not generic loaded baseline.",evidence/R000D/R000D-A04/receipt.json,Independent native reviewer reads network/owner/admitted/cache/DOM receipts and actually inspects card/header/footer/Moon/cloud crops or clip; numeric PASS cannot override pixels. Primary reconciles exact candidate.,CLOSE-R000D
13,R000D,D14,R000D-A05,README Auto-retry/weather description; DESIGN Weather truthfulness/URL-debug diagnostics and existing qaState.wxTruth.requests reasons; inspect source constants and throttle owners.,Public bounded-wait and diagnostic semantics,"Weather fetch+body shares10s timer, radar manifest fetch+body shares10s, Image independent10s after src assignment, combined radar application wait<=20s under runnable JS. Abort best effort; wrapper settles if ignored; Image handlers detach without physical cancel promise. Existing60s weather/10m radar/15m accepted-current+track shortcut/~30s render opportunity; timeout release is not instant retry/recovery. Suspended JS delays callback, absolute monotonic guard rejects late completion when resumed. No provider-health/offline/memory recovery assertion.",Static exact candidate documentation/source/native transport receipts,All required facts public and diagnostics reasons tied to actual stage receipts.,evidence/R000D/R000D-A05/receipt.json,"Independent documentation reviewer compares every stated fact with pinned source and actual consumer receipts, then rejects observation/arrival/offline/cancellation overclaims.",CLOSE-R000D
13,R000D,D15,R000D-A06,Join D01–D10 accepted lifecycle proof plus A01–A05; exact final source/runtime/fixture/native-executable hashes and timeout→slot→newacquisition→consumer event sequence; public delivery identity.,Independent generation/finalizer/consumer review → merged/served consumer → exact evidence comment/readback → authorized closure,"No fetch-only/body-unbounded, flag-only, asset-recovery or VM-native equivalence closure. Source unchanged may reuse18ff delivery; transport-negative proof stays controlled local native. If failure needs repair, acquire specific source/build/delivery authorization, regenerate and qualify affected paths before public claims. Read actual issue body/comment/marker to prevent stale/duplicate publication; primary approved evidence required.",Immutable evidence/candidate/release/issue readback,CLOSE-R000D requires complete exact-candidate stage proof and actual authorized delivery; current audit comment keeps issue open.,evidence/R000D/R000D-A06/receipt.json,"Different reviewer checks complete accepted-plus-residual matrix, delivery identity and immutable evidence hashes; primary approves exact comment before any separately authorized publication/closure.",CLOSE-R000D
16,R0010,R0010-O09,R0010-A01,"README Self-configuring (local) mode lines80–119; generic #local=1 versus builder example #local=1&method=2&units=f; saved London51.5,-0.12/3/c.","README local examples and Modes & precedence table, compared with actual builder hash/resolve contract.","Adjacent prose explicitly distinguishes automatic generic embed, selected builder fresh-viewer method/units, and saved viewer priority. No regional mapping/new hash flag claim.",Read-only source and final delivered README; no runtime test needed for prose.,All three facts occur beside examples; generic preset remains automatic.,evidence/R0010/documentation.json,Independent cold reviewer reads raw trace and mapped crops; primary reconciles source/consumer identity before closure.,CLOSE-R0010
16,R0010,R0010-O12,R0010-A02,"New context/native disposable origin; config key initially absent. Actual builder local mode selects pairs2/f,2/c,4/f,4/c. Controlled GeoJS lat24.47/lon39.61/country SA, device zone Asia/Riyadh, detected method4/unitc; no saved record.",Actual builder inputs/events -> canonical iframe/preview/open/installCmd fragment -> real native widget boot and Settings controls #set-method/#set-units.,"Feed captured hash unchanged to boot; capture CONFIG plus visible selected option labels/values; chosen pair survives detection, lat/lon/label omitted. Snippet, preview/open, extracted Windows and Bash payload hash bytes are equal. Clipboard is isolated and installers are not run.","Windows, one disposable Chromium context; record actual browser/build and Python/Playwright versions, Asia/Riyadh timezone, viewport 1000x900 and DPR 1; widget card 325x530. Provider data and dates are synthetic. Use the same context/origin only where persistence across reload is the tested contract. No owner browser profile, real location, real clipboard or installer execution.",Four selected pairs visible and CONFIG match; generic #local=1 control resolves detected4/c.,evidence/R0010/fresh-pairs.json,Independent cold reviewer reads raw trace and mapped crops; primary reconciles source/consumer identity before closure.,CLOSE-R0010
16,R0010,R0010-O12,R0010-A03,"Actual native localStorage in fresh context/origin, seed savedLondon51.5,-0.12/3/c exactly once through SalahConfig.saveLocal, then builder-local2/f; reload same origin with seed disabled.",Real saved bytes -> loadLocal/resolve/boot -> CONFIG and visible Settings across two navigations.,Saved method3/unitc and London remain; coarse call count0; bytes survive reload. Do not reconstruct bytes with a Map or rerun seed on reload.,"Windows, one disposable Chromium context; record actual browser/build and Python/Playwright versions, UTC timezone, viewport 1000x900 and DPR 1; widget card 325x530. Provider data and dates are synthetic. Use the same context/origin only where persistence across reload is the tested contract. No owner browser profile, real location, real clipboard or installer execution.",Saved viewer overrides selected fresh defaults on both actual loads.,evidence/R0010/saved-reload.json,Independent cold reviewer reads raw trace and mapped crops; primary reconciles source/consumer identity before closure.,CLOSE-R0010
16,R0010,R0010-O12,R0010-A04,"PreferLocal exact fragment #lat=24.47&lon=39.61&method=2&units=f&preferLocal=1: savedLondon3/c case, then distinct fresh no-saved context.",Actual native resolve/boot and visible Settings.,"Saved case London3/c, no-saved case fixed24.47/39.61/2/f and no coarse detection. Preserve 0,0/literal/date legacy helper controls by unchanged receipt rather than replay.","Windows, one disposable Chromium context; record actual browser/build and Python/Playwright versions, UTC timezone, viewport 1000x900 and DPR 1; widget card 325x530. Provider data and dates are synthetic. Use the same context/origin only where persistence across reload is the tested contract. No owner browser profile, real location, real clipboard or installer execution.",Opt-in saved precedence and explicit fixed fallback both usable.,evidence/R0010/prefer-local.json,Independent cold reviewer reads raw trace and mapped crops; primary reconciles source/consumer identity before closure.,CLOSE-R0010
16,R0010,R0010-O12,R0010-A05,"Isolated candidate-script mutants: omit local method explicitness, then omit local units explicitness; same fresh detected4/c fixture and selected2/f.",Same actual builder-generated hash -> native widget/display acceptance A02.,"Each single omission must fail its exact chosen-preference consumer assertion; a generic serialize({},local) positive remains local=1.","Windows, one disposable Chromium context; record actual browser/build and Python/Playwright versions, UTC timezone, viewport 1000x900 and DPR 1; widget card 325x530. Provider data and dates are synthetic. Use the same context/origin only where persistence across reload is the tested contract. No owner browser profile, real location, real clipboard or installer execution.","Two caught regressions, with baseline and mutant scripts/hash captured and no product writes.",evidence/R0010/native-discriminators.json,Independent cold reviewer reads raw trace and mapped crops; primary reconciles source/consumer identity before closure.,CLOSE-R0010
17,R0011,R0011-O15,R0011-A01,"Same-origin native widget and controlled iframe; savedLondon51.5,-0.12/3/f seeded before denial. Before config/runtime load inject setItem SecurityError and separately QuotaExceededError; edit units c and close actual close button/Escape while first prayer response held.",Actual settings _commitSettings -> applyConfig/saveLocal -> bound CONFIG/native DOM/status/opener; controlled storage shim delegates unaffected operations to native storage.,"Before releasing prayer await, live unitsc applied, exact old config bytes unchanged, bounded error and session-only warning visible; close is synchronous and returns actual opener; reopen retains full explanation. No helper-only substitute.","Windows, one disposable Chromium context; record actual browser/build and Python/Playwright versions, UTC timezone, viewport 1000x900 and DPR 1; widget card 325x530. Provider data and dates are synthetic. Use the same context/origin only where persistence across reload is the tested contract. No owner browser profile, real location, real clipboard or installer execution.","Usable current choice, honest persistence failure and protected old saved bytes on both entry forms.",evidence/R0011/save-denied.json,Independent cold reviewer reads raw trace and mapped crops; primary reconciles source/consumer identity before closure.,CLOSE-R0011
17,R0011,R0011-O15,R0011-A02,"Seed same savedLondon plus unrelated prayer/weather/test sentinel keys. Queue a held GPS/search result, then inject removeItem SecurityError for config key and click actual #set-reset.",Actual _resetLocal -> clearLocal result plus existing request owner/UI.,One config removal attempt; no new coarse detect; saved bytes/live target unchanged; no success-shaped cleared message; held old lookup/GPS resolves without adoption or warning overwrite.,"Windows, one disposable Chromium context; record actual browser/build and Python/Playwright versions, UTC timezone, viewport 1000x900 and DPR 1; widget card 325x530. Provider data and dates are synthetic. Use the same context/origin only where persistence across reload is the tested contract. No owner browser profile, real location, real clipboard or installer execution.",Truthful reset-failed state and obsolete lookup cancellation.,evidence/R0011/reset-denied.json,Independent cold reviewer reads raw trace and mapped crops; primary reconciles source/consumer identity before closure.,CLOSE-R0011
17,R0011,R0011-O15,R0011-A03,"Fresh realm before navigation: localStorage getter throws; separate getItem SecurityError, malformed JSON and v2 input records. First capture load-time fallback and stored bytes, then enter useful manual30/31 form after failed/empty detection.",Native boot/loadLocal/manual Settings apply/close and warning UI.,"No uncaught storage error; loadLocal fallback null. Immediately after load, malformed/future record bytes are not deleted or destructively migrated. Later explicit valid manual apply remains usable; denied write is session-only, while a normal writable manual save may intentionally replace the config record and reports success. Keep load preservation and later authorized save as separate observations.","Windows, one disposable Chromium context; record actual browser/build and Python/Playwright versions, UTC timezone, viewport 1000x900 and DPR 1; widget card 325x530. Provider data and dates are synthetic. Use the same context/origin only where persistence across reload is the tested contract. No owner browser profile, real location, real clipboard or installer execution.",Manual recovery stays usable; read failure alone does not predetermine whether a later native write succeeds.,evidence/R0011/read-failure-recovery.json,Independent cold reviewer reads raw trace and mapped crops; primary reconciles source/consumer identity before closure.,CLOSE-R0011
17,R0011,R0011-O15,R0011-A04,"Recover setItem after save-denied. Separately normal successful reset with detection held/success/failure, current manual form superseding held detection; unrelated sentinel keys always seeded.","Actual save/close/reopen/reset/detect handlers, CONFIG and native bytes.","Successful later save changes exact normalized record and clears warning; successful reset removes only config once, reports detecting/manual/estimated distinctly, uses save:false and does not recreate key; current edit owns late outcome.","Windows, one disposable Chromium context; record actual browser/build and Python/Playwright versions, UTC timezone, viewport 1000x900 and DPR 1; widget card 325x530. Provider data and dates are synthetic. Use the same context/origin only where persistence across reload is the tested contract. No owner browser profile, real location, real clipboard or installer execution.","Honest recovery and reset stages, sentinel bytes unchanged.",evidence/R0011/success-reset-recovery.json,Independent cold reviewer reads raw trace and mapped crops; primary reconciles source/consumer identity before closure.,CLOSE-R0011
17,R0011,R0011-O15,R0011-A07,"Isolated mutants removing save result consumption, reset result consumption, and retained warning rendering; same through-handler A01/A02/A05 cases.",Actual native close/reset/reopen and observed status/config bytes.,Each corresponding native UI assertion rejects mutation; original seven accepted source mutation controls remain supplemental without repeat. Capture baseline and exact mutant patch/hash.,"Windows, one disposable Chromium context; record actual browser/build and Python/Playwright versions, UTC timezone, viewport 1000x900 and DPR 1; widget card 325x530. Provider data and dates are synthetic. Use the same context/origin only where persistence across reload is the tested contract. No owner browser profile, real location, real clipboard or installer execution.",Three meaningful negative consumer controls fail; no gate weakened.,evidence/R0011/native-discriminators.json,Independent cold reviewer reads raw trace and mapped crops; primary reconciles source/consumer identity before closure.,CLOSE-R0011
17,R0011,R0011-O16,R0011-A05,"Each closed-warning and reopened-warning state from A01/A02 in 325x530 widget, top-level and iframe; baseline viewport1000x900 and narrow390x844/DPR1; normal font mode or explicitly retained fallback recorded.","Actual rendered Settings, named .buckle opener, outside polite live-status, native Tab/Shift+Tab/Escape controls and idless footer links.","Readable full warning, card/header/prayer/footer and buckle crop; no stack drift/clipped status. Focus wraps to actual first/last focusable handles; Escape restores exact opener synchronously while prayer await unresolved. Outside status text/role/live attributes match outcome; accessibility tree/announcement observation recorded with limits.","Windows, one disposable Chromium context; record actual browser/build and Python/Playwright versions, UTC timezone, viewport 1000x900 and DPR 1; widget card 325x530. Provider data and dates are synthetic. Use the same context/origin only where persistence across reload is the tested contract. No owner browser profile, real location, real clipboard or installer execution.",Discoverable marker and accessible name plus readable full message; success restores normal name/gear.,evidence/R0011/warning-accessibility.json,"Independent reviewer inspects original crops and keyboard/accessibility traces. DOM aria-live presence alone is not an observed screen-reader announcement; if speech is claimed, capture the identified native assistive technology.",CLOSE-R0011
17,R0011,R0011-O17,R0011-A06,README108 and134–139 plus broader reset disclosure owner#27; normal writable iframe and separately injected blocked writes.,Delivered README storage/reset/privacy paragraphs compared with actual save/clear results.,"State Settings warning/session-only operation, reset config-key-only non-erasure, writable partition can persist in its partition, actual host restrictions conditional. Remove unconditional partitioned=unavailable and TablissNG partitioned=no persistence assertions.",Read-only semantic review plus future actual delivered README; injected denial is not real host policy proof.,Documentation describes measured result and scope; no claim that every private/partitioned host is denied.,evidence/R0011/documentation.json,Independent cold reviewer reads raw trace and mapped crops; primary reconciles source/consumer identity before closure.,CLOSE-R0011
19,R0013,19-05,R0013-A01,"Both families, zero/fallback/one/multiple; spaces, مدينة, literal backslash, populated then empty config, unterminated producer final line",Actual detect_targets and native profile producers / TARGETS under set -Eeuo pipefail,"Exact target count, order and profile path bytes; no nounset abort; zero-profile fallback retained; do not substitute a modern shell","Actual macOS Apple /bin/bash3.2, native find/stat/fs; acquisition receipt",All required detector cases PASS or a preserved concrete counterexample keeps this row open,evidence/R0013/apple-detector/results.json,"Independent reviewer verifies native provenance, source SHA, all cells and positive controls",CLOSE-R0013
19,R0013,19-05,R0013-A02,"Identical detector ledger on recorded modern Bash, with same logical native-Linux fixtures",Actual current detect_targets,Complete missing zero/one/multiple/backslash cells; exact bytes and empty-array boundary; accepted unchanged prior cases may be reused,Modern native Linux Bash with version/UID/mount recorded,Complete modern matrix without crediting disabled mapfile as Apple proof,evidence/R0013/modern-detector/results.json,Independent coverage reviewer binds reused/new modern rows individually,CLOSE-R0013
19,R0013,19-05,R0013-A03,"PTY full pipe entry; all/empty/1,2/1,1,3; GitHub/ask/store/fallback/NO_OPEN; no-terminal/EOF/invalid/legacy-only",Actual unmodified install.sh on Apple /bin/bash; downstream configured preset/manual consumers,All human input from FD3; positive actual artifacts and exact path bytes; refusal nonzero before effects; NO_OPEN retains non-open effects,"Actual macOS, private native-fs fixture with effect guards and bootstrap nonce",Native launch contract passes; no real install/network/clipboard/browser/profile effects,evidence/R0013/apple-terminal/results.json,"Independent reviewer checks readiness, transcript, effects, sentinel/post-exit consumers rather than exit alone",CLOSE-R0013
19,R0013,19-05,R0013-A04,Parse-valid mapfile/subshell/read-r/empty-array mutants plus unchanged healthy subject,Native detector path oracle,"Each changed contract fails its intended assertion, not shell parse/bootstrap; retained stdin/cache mutants reused separately",Same native Apple and modern fixture/source binding,Independent RED controls and healthy original; failures retained,evidence/R0013/detector-mutants/results.json,"Reviewer checks mutation syntax, reachability and named failure cause",CLOSE-R0013
19,R0013,19-05,R0013-A05,README profile-discovery limitation paragraph,Human rendered installation guidance,Explicit newline-delimited path limitation; no arbitrary-byte profile support claim,Final local docs and delivered README,Correct retained limitation appears with installation guidance,evidence/R0013/docs/profile-limitation.md,Independent prose reader compares actual producer format with exact statement,CLOSE-R0013
19,R0013,19-09,R0013-A06,README terminal/reviewed-file/manual/config/cache paragraph; current builder installCmd and existing SALAH_WIDGET_HASH controls,Human README and copied builder Bash command,Readable controlling terminal explicit; reviewed pinned exact file route; manual extension/import and dashboard replacement; configured hash and per-attempt cache/no cross-run reuse agreement,Rendered final README/builder and exact final hashes,No inaccurate completion/cache/terminal claim; no unnecessary invocation change,evidence/R0013/docs/install-guidance.json,"Independent reader checks every listed fact, command shape and preserved interfaces",CLOSE-R0013
19,R0013,19-09,R0013-A07,"Final authorized public README, unchanged raw install.sh and builder generated command",Raw-script and actual public documentation consumers,Delivered revised README matches reviewed bytes; unchanged installer and command bind accepted receipts; terminal guidance is legible,Public raw/Pages/GitHub rendered docs after authorized delivery,"Bounded capability distribution and content agreement, separate from browser installation",evidence/R0013/delivery/readback.json,Primary independent delivery readback and issue-closure certificate,CLOSE-R0013
20,R0014,20-08,R0014-A01,"README Windows response-string and pinned downloaded-file examples, powershell.exe5.1 and supported pwsh7 alternatives",Human README/copied host-specific -File command,"Exact supported hosts, byte-preserving download/review, quoted -File, manual extension/import/dashboard boundary, unchanged encoded configuration; do not execute normal mode for prose verification",Final docs; source/native receipts read-only,All mandatory public instructions agree with current script and builder,evidence/R0014/docs/windows-guidance.json,Independent prose/command reader checks exact host/route facts and no unintended encoding/policy changes,CLOSE-R0014
20,R0014,20-08,R0014-A02,Final authorized raw README/install.ps1/builder distribution and rendered README,Public advertised capability consumers,New README hash matches reviewed text; unchanged exact-file script and builder command match native proof; full instructions legible,Public raw/Pages/GitHub rendered delivery after approval,Specific instruction gap closed with unchanged native bindings,evidence/R0014/delivery/readback.json,Independent primary delivery reviewer and explicit CLOSE-R0014 certificate,CLOSE-R0014
21,R0015,21-03,R0015-A01,Actual Apple private HOME/TMPDIR; unique owned0700 scratch and retained root; same-attempt/reentry/new-attempt/cache cases,Actual initialize_staging/path_identity/trusted_parent/verify_root and BSD stat/mktemp,"Native physical/root identity and owner/mode checks; no shared/predictable root admission; same attempt stable, new attempt distinct",Apple /bin/bash3.2/macOS native filesystem and utilities; provenance from R0013,Root guards qualify on true native platform or preserved counterexample keeps row open,evidence/R0015/apple-staging/roots.json,Independent security reviewer verifies native utility/UID/fs provenance and complete root tuple,CLOSE-R0015
21,R0015,21-03,R0015-A02,"Safe ZIP with Nested Folder/مدينة/manifest.json and configured hash lat24.47/lon39.61/method4; hostile old preset symlink, traversal/absolute/link archives and prefix output",Actual guarded download/preset/extraction/manual path consumers,Valid outputs remain inside verified roots; preflight rejects unsafe archive before earlier member extraction; outside victim unchanged; no invented usable path on failure,Same actual Apple host/source and isolated fixture,Positive real retained artifacts; explicit refusal and unchanged hostile sentinels,evidence/R0015/apple-staging/outputs.json,Independent source-to-file consumer and hostile-member review,CLOSE-R0015
21,R0015,21-03,R0015-A03,"Normal exit, contained failed acquisition/extraction, INT130 and TERM143; fresh consumer after source exit",Actual EXIT/finish_installer/cleanup_staging and later file reader,Only unchanged verified scratch deleted; complete/explicitly partial HOME bundle retained; unchanged victim; actual retained bytes read by fresh consumer,"Native Apple host, real filesystem; signal receipt records actual branch reached","Retention/cleanup semantics proven, with no reboot/installed/present-liveness claim",evidence/R0015/apple-staging/lifetime.json,"Independent reviewer checks trap/status/effect identities, pre/post snapshots and fresh-consumer output",CLOSE-R0015
21,R0015,21-03,R0015-A04,Parse-valid native guards/cleanup mutants matched with healthy source positives; reuse existing Linux mutation/DAC receipts unchanged,Native identity/admission/lifetime oracles,Each new native countermeasure gate discriminates intended branch; fixture/bootstrap failure excluded; no blanket all-OS claim,Apple native fixture; Linux only for reused unchanged proofs,Bounded RED/healthy-positive receipts,evidence/R0015/apple-staging/mutants.json,Security reviewer confirms no gate weakening or platform substitution,CLOSE-R0015
21,R0015,21-05,R0015-A05,Root-owned0755 reachable nonsymlink ancestors; TMPDIR UID1000mode0700; HOME UID0mode0755; subject UID1000; unchanged sentinels,"Actual trusted_parent(home,home) and initialize_staging after actual UID drop",Nonzero explicit ownership refusal before mktemp/acquisition/output; HOME not group/world writable; prove exact predicate reached and unchanged subject/victim,"Disposable privileged native Linux filesystem, actual stat/id/-O; recorded real UIDs/mount",Isolated foreign-UID HOME admission RED without writable-mode explanation,evidence/R0015/parent-admission/negative.json,Independent security reviewer checks reachability/modes/UID and refusal site rather than exit alone,CLOSE-R0015
21,R0015,21-05,R0015-A06,"Same ancestors/mode0755 but HOME UID1000, same source/execution UID/TMPDIR; valid fixture assets",Actual initializer then cleanup/retained file consumers,"Matched positive succeeds: distinct private0700 UID1000 roots, guarded write, scratch cleanup and retained readback; test valid source is capable of reaching branch",Same privileged Linux fixture and native fs as A05,Healthy positive makes A05 rejection discriminating,evidence/R0015/parent-admission/positive.json,Reviewer compares only changed HOME UID between mandatory pair,CLOSE-R0015
21,R0015,21-05,R0015-A07,Parse-valid mutant removes only terminal HOME self-owner admission; exact same negative and positive,"Actual trusted_parent ""$HOME"" home helper admission plus unchanged full initializer negative",Mutant helper returns wrong-owner parent and fails admission oracle; positive stays valid; later mktemp permission refusal is not the mutant oracle; reject parser/bootstrap negatives,Disposable native Linux fixture; no account/profile/policy changes,Named owner-gate mutant RED and healthy original; accepted49peerDAC remains distinct,evidence/R0015/parent-admission/mutant.json,"Independent reviewer inspects minimal mutation and helper admission, not downstream exit alone",CLOSE-R0015
21,R0015,21-15,R0015-A08,Exact README bundle/scratch names; manual unpacked/preset/XPI lifecycle; failure/cache paragraphs,Human README and actual script terminal instructions,"All listed lifetime/cache facts accurate, manual dashboard/config preserved, no perpetual liveness/install promise",Final rendered README and unchanged install.sh source,Required facts legible and consistent,evidence/R0015/docs/lifetime-review.json,Independent prose reader checks actual roots/traps/manual consumers,CLOSE-R0015
21,R0015,21-15,R0015-A09,Authorized final README/raw script/builder delivery,Public manual installer/document consumers,Changed docs match reviewed bytes/rendering; unchanged staging script/command rebind accepted source,Public raw/Pages/GitHub after authorized delivery,Specific public lifetime disclosure and actual final closure binding,evidence/R0015/delivery/readback.json,Independent primary delivery review and CLOSE-R0015 certificate,CLOSE-R0015
22,R0016,22-09,R0016-A01,Native Apple full entry; fresh/cached Chromium/Firefox metadata/unpacked/preset sentinels; GitHub/store/ask/installed/mixed/empty-preset,Actual install.sh entire entry including preview early exit and every alternate effect/cleanup site,No network/effect/prompt/usable artifact; independent unchanged subject snapshots; release/version/path/source correctly unresolved; healthy local plan exists,Actual Apple /bin/bash3.2/native macOS/fs; bootstrap nonce and contained effect wrappers,All native offline classes pass without equating printed plan to artifact/installation,evidence/R0016/apple-entry/preview.json,"Independent reviewer checks complete entry, all wrappers/paths and snapshots/transport logs",CLOSE-R0016
22,R0016,22-09,R0016-A02,Native Apple legacy-only/no-target/malformed option preview plus no terminal; normal/NO_OPEN matched assets/presets/source cases,Actual top-level option/selection/terminal guards and normal manual callers,"Refusals nonzero before effects; no terminal input required in preview; normal positive exact consumers capable; NO_OPEN blocks only open, not acquisition/write/clipboard",Same actual Apple fixture; matching R0013 positives may be imported,Whole-entry separation is actual; no same-platform count threshold invented,evidence/R0016/apple-entry/normal-and-refusal.json,Reviewer verifies imported receipt equivalence and missing case coverage individually,CLOSE-R0016
22,R0016,22-09,R0016-A03,Native parse-valid eager init/cached return/preview copy/EXIT cleanup mutants with relevant cached/healthy positive subjects,Actual full Apple entry and effect/sentinel oracles,Each mutant causes named no-effect/artifact/cleanup gate failure after bootstrap; normal positives remain capable; invalid fixture errors not credited,Actual Apple/native fs; all real effects contained,Discriminating mutant RED against healthy original,evidence/R0016/apple-entry/mutants.json,"Independent reviewer checks reachability, exact effect/post-state and control validity",CLOSE-R0016
22,R0016,22-09,R0016-A04,Unchanged final install.sh/install.ps1/existing fixture hashes and accepted Linux23/Windows24 direct-entry case ledger,Exact distributed native consumers recorded in historical receipts,Reuse only unchanged relevant interfaces/source/inputs; include actual PS5.1/supported7 file/guards and Linux entry rather than a VM substitute,Read-only association to original native records; no rerun for docs-only patch,Native non-Apple mandatory portions remain satisfied with explicit historical scope,evidence/R0016/reuse/native-bindings.json,Reviewer inspects hashes/custody/source environment and cell-to-receipt association,CLOSE-R0016
22,R0016,22-12,R0016-A05,README Offline local preview commands and exact no-effect/no-artifact/no-prompt/unresolved/refusal/NoOpen statements,"Human mode chooser, README and builder normal command/comment",All enumerated boundary facts accurate and consistent with both script headers; manual normal-mode/dashboard/config maintained,Final local rendered docs and source command inspection,Preview/NoOpen user guidance matches actual implementation,evidence/R0016/docs/preview-guidance.json,Independent reader checks complete mode matrix and copied command context,CLOSE-R0016
22,R0016,22-12,R0016-A06,Authorized final README/raw scripts/generated builder public readback,Public claimed installer/preview capability,Changed text matches reviewed bytes/rendering; unchanged scripts/native interface receipts bound; no false installed/remote-ready claim,Public raw/Pages/GitHub delivery after authority,Public exposure qualified and exact final certificate available,evidence/R0016/delivery/readback.json,Independent primary delivery reviewer/CLOSE-R0016 gate,CLOSE-R0016
23,R0017,17-03,R0017-A01,"Fresh healthy iframe for each declared scene; all current 30 names and minima from CASES, including joined model/synthetic weather branches",Actual classic product scripts through widget-fixture.html -> tests/smoke.html required()/summary(),"All 30 named required callbacks execute; assertions >= declared expected; status PASS, failures=missing=skip=0; no optional live result substitutes.","Windows; installed Chromium and Firefox serially, record exact versions (audit used Chromium 148.0.7778.96 / Firefox 150.0.2); isolated localhost profile/context; actual 325x530 CSS card, desktop 1100x900 and constrained 375x800 viewport where UI matters; DPR 1 and 2 where raster/geometry matters. These are future runs, not claimed execution.",Healthy PASS with full case/request/source ledger,evidence/R0017/native/healthy-{engine}-{os}.json,Independent reviewer compares each name/minimum and actual consumers; current H5 model policy stays labelled.,CLOSE-R0017
23,R0017,17-07,R0017-A02,Date 2026-09-07T09:30:00.000Z; lat24.47/lon39.61/method4/school0/Asia-Riyadh; private empty cache; prayer dates07/08-09-2026,Actual fetch -> Response.json -> loadPrayer/prayer cache -> render/model/countdown; actual fixture attempt/hash/document/source ownership,"Only matching four-parameter Aladhan requests; current-day JSON read>0; prayerLoaded and render exist; Dhuhr current, Asr next15:30, leftMin180 at frozen12:30. Prior hash/attempt/document/source and duplicate current-day tomorrow body cannot pass.","Windows; installed Chromium and Firefox serially, record exact versions (audit used Chromium 148.0.7778.96 / Firefox 150.0.2); isolated localhost profile/context; actual 325x530 CSS card, desktop 1100x900 and constrained 375x800 viewport where UI matters; DPR 1 and 2 where raster/geometry matters. These are future runs, not claimed execution.",Exact positive render and all stale/malformed identity controls rejected,evidence/R0017/native/transport-{engine}.json,Reviewer verifies request/JSON/render linkage; no manually assigned prayerLoaded/render.,CLOSE-R0017
23,R0017,17-08,R0017-A03,"Separate healthy/reject/hang/bootstrap-error documents, null iframe/missing config, known source-anchor failure; zero/throw/pending Response paths","Actual wrapper before parse, real scene() with 8000ms deadline and required()4000ms; real config checks retained",Each reject/hang/bootstrap mode is terminal non-PASS with exact reason; no blanket offline skip. No late callback marks another case or inflates execution. Driver bound 120s per mode is proposed orchestration limit; inherited scene/callback bounds remain unchanged.,"Windows; installed Chromium and Firefox serially, record exact versions (audit used Chromium 148.0.7778.96 / Firefox 150.0.2); isolated localhost profile/context; actual 325x530 CSS card, desktop 1100x900 and constrained 375x800 viewport where UI matters; DPR 1 and 2 where raster/geometry matters. These are future runs, not claimed execution.",Healthy PASS; hostile modes FAIL/INCOMPLETE and stored bytes unchanged,evidence/R0017/native/adverse-{engine}.json,Independent control review checks reached terminal and expected mode; source failure is not a detected semantic mutant.,CLOSE-R0017
23,R0017,17-09,R0017-A04,Fresh OS/emulated prefers-reduced-motion true and false; explicit in-fixture true/false; separate motion=full with reduce=true; controlled simTime12:30,"Actual applyTheme(model()), --sunpulse and original iframe matchMedia function identity","Reduced pulse=1, deterministic full pulse!=1, full hash overrides reduce=true. Original matchMedia function restores exactly on success/throw/timeout. Independent ignore-reduction and ignore-full mutants each fail their own reached assertion.","Windows; installed Chromium and Firefox serially, record exact versions (audit used Chromium 148.0.7778.96 / Firefox 150.0.2); isolated localhost profile/context; actual 325x530 CSS card, desktop 1100x900 and constrained 375x800 viewport where UI matters; DPR 1 and 2 where raster/geometry matters. These are future runs, not claimed execution.",Both native OS envelopes and both mutants discriminate without changing product default,evidence/R0017/native/motion-controls-{engine}.json,"Reviewer checks distinct mutants and exact function restoration, not assumed OS behavior after restore.",CLOSE-R0017
23,R0017,17-10,R0017-A05,Delivered README + current static smoke/wrapper; same private origin and explicit four modes,"User follows README -> actual public tests/smoke.html, fixture and unchanged root index","README gives isolated profile/origin, no storage clearing, exact outcomes/modes, fixed date/providers, source/attempt identity, font suppression and no appearance/normal-live M0 certification; served hashes match.","Windows; installed Chromium and Firefox serially, record exact versions (audit used Chromium 148.0.7778.96 / Firefox 150.0.2); isolated localhost profile/context; actual 325x530 CSS card, desktop 1100x900 and constrained 375x800 viewport where UI matters; DPR 1 and 2 where raster/geometry matters. These are future runs, not claimed execution.",Truthful public instructions and wrapper/source delivery,evidence/R0017/delivery.json,Independent docs/runtime reader executes stated route after authorized deployment.,CLOSE-R0017
23,R0017,17-11,R0017-A06,All native/case/mutant/doc outputs on one final candidate and delivered source identity; accepted geometry/occlusion/dawn/config controls mapped,Independent final evidence review + actual normal entry + public readback,"Review signs every residual acceptance ID, rejects weakened checks and stale-runtime promotions, accounts eight old native byte/array failures and four TODOs individually, and publishes evidence before any manual closure.","Windows; installed Chromium and Firefox serially, record exact versions (audit used Chromium 148.0.7778.96 / Firefox 150.0.2); isolated localhost profile/context; actual 325x530 CSS card, desktop 1100x900 and constrained 375x800 viewport where UI matters; DPR 1 and 2 where raster/geometry matters. These are future runs, not claimed execution.",Complete bounded closure certificate only after delivery,evidence/R0017/review.json,Different reviewer and primary; no all-green aggregate inferred from legacy exclusions.,CLOSE-R0017
24,R0018,18-02,R0018-A01,Default glass; past/current/next/future classes and optional contrast; fixed original noon timings,Actual .p/.p b/.p .tm computed styles and ancestor composition in native root,Information opacity1 through the ancestor chain in every state; no descendant opacity workaround. Elapsed remains subdued by nonattenuating local style; NEXT accent plate/dark text and CURRENT inset stay distinct.,"Windows; installed Chromium and Firefox serially, record exact versions (audit used Chromium 148.0.7778.96 / Firefox 150.0.2); isolated localhost profile/context; actual 325x530 CSS card, desktop 1100x900 and constrained 375x800 viewport where UI matters; DPR 1 and 2 where raster/geometry matters. These are future runs, not claimed execution.",No group fade of names/times; accepted state hierarchy preserved,evidence/R0018/green/state-opacity.json,Independent native computed-style and full-card visual reviewer.,CLOSE-R0018
24,R0018,18-03,R0018-A02,Original noon and isolated white backing under actual cell blend/filter stack; actual every state including .p.on,"Actual foreground intended color + text-free background composite, authored guard and native rendered cells","Contrast >=4.5:1 under intended-color/background evaluation, opacity1; no text-shadow-only proof or global dimming. NEXT current dark#211d15/opaque accent may satisfy the criterion without the starting light-text recipe.","Windows; installed Chromium and Firefox serially, record exact versions (audit used Chromium 148.0.7778.96 / Firefox 150.0.2); isolated localhost profile/context; actual 325x530 CSS card, desktop 1100x900 and constrained 375x800 viewport where UI matters; DPR 1 and 2 where raster/geometry matters. These are future runs, not claimed execution.",All specified intended-color evaluations pass and actual pixels readable,evidence/R0018/green/intended-contrast.json,Reviewer checks full stack/colors versus sampled intended background and no metric-over-pixel override.,CLOSE-R0018
24,R0018,18-04,R0018-A03,"2026-09-07T09:30Z/12:30Riyadh; Madinah24.47/39.61; method4/school0; current/next day synthetic strings Fajr04:46, Sunrise06:05,Dhuhr12:19,Asr15:48,Maghrib/Sunset18:33,Isha20:03","Real candidate root .c at325x530, actual fonts, twelve CSS rectangles and native full/text-hidden screenshot pairs","Fresh baseline RED and final GREEN use same inputs and stationary scene; text-hidden style visibility only, then remove. Preserve historical unpinned-date and nonnormative changed-pixel limits. GREEN >=4.5 intended-color plus readable crop.","Windows; installed Chromium and Firefox serially, record exact versions (audit used Chromium 148.0.7778.96 / Firefox 150.0.2); isolated localhost profile/context; actual 325x530 CSS card, desktop 1100x900 and constrained 375x800 viewport where UI matters; DPR 1 and 2 where raster/geometry matters. These are future runs, not claimed execution.",Bounded repeatable before/after actual noon proof with all12rects,evidence/R0018/green/noon/{engine}/results.json,Different reviewer compares original historical/fresh RED/final crops and recorded actual viewport/DPR/fonts.,CLOSE-R0018
24,R0018,18-05,R0018-A04,"Noon12:30, sunrise05:50,sunset18:55,night23:30,brokenwx2/cloud50,overcastwx3/cloud100; original date/location; white local stress; fresh docs for appearance flags","Actual native .p state composition, style guards and real allowed static assets","All required states in these representative scenes >=4.5 intended-color and opacity1. Restore past opacity.42 only -> fail; remove non-NEXT dark base -> fail; restore light NEXT foreground over current accent plate -> fail. Each reaches contrast/state oracle, not parser failure.","Windows; installed Chromium and Firefox serially, record exact versions (audit used Chromium 148.0.7778.96 / Firefox 150.0.2); isolated localhost profile/context; actual 325x530 CSS card, desktop 1100x900 and constrained 375x800 viewport where UI matters; DPR 1 and 2 where raster/geometry matters. These are future runs, not claimed execution.",Scene/state positives pass and each relevant loss mutant detected,evidence/R0018/green/scenes-and-mutants.json,Independent style/pixel reader; six chosen scenes do not imply every photo/weather/platform was measured.,CLOSE-R0018
24,R0018,18-06,R0018-A05,Fresh RED/final six scenes; established compact/long/stale date cases atdesktop1100x900 andconstrained375x800,"Actual325x530 card, header/buckle/footer/date/prayer rectangles and full-card composition",Strings/fonts/grid/gap/padding/border/radius/stack rectangles unchanged; no clipped footer/header or sky dimming; CURRENT/NEXT and elapsed/future hierarchy survives. Subpixel geometry comparisons use the same DPR/font resolution; no new relaxed tolerance.,"Windows; installed Chromium and Firefox serially, record exact versions (audit used Chromium 148.0.7778.96 / Firefox 150.0.2); isolated localhost profile/context; actual 325x530 CSS card, desktop 1100x900 and constrained 375x800 viewport where UI matters; DPR 1 and 2 where raster/geometry matters. These are future runs, not claimed execution.",Readable local delta with accepted art and fit preserved,evidence/R0018/green/geometry-and-hierarchy.json,Sequential independent visual review; approved source-bound geometry receipts reused only unchanged.,CLOSE-R0018
24,R0018,18-07,R0018-A06,Final style/DESIGN/README and unchangedconfig/builder/install/presets/#26 native semantics,Published readability claim and actual entry/builder snippet/config consumers,"Exact docs reflect default all-stateopacity1/4.5 intended-color and local hierarchy; optional contrast not forced. Card325x530, separatelyapproved330x534wrapper, legacybuilder/copy325x530 unchanged.","Windows; installed Chromium and Firefox serially, record exact versions (audit used Chromium 148.0.7778.96 / Firefox 150.0.2); isolated localhost profile/context; actual 325x530 CSS card, desktop 1100x900 and constrained 375x800 viewport where UI matters; DPR 1 and 2 where raster/geometry matters. These are future runs, not claimed execution.",Truthful docs and unchanged consumer interfaces,evidence/R0018/docs/compatibility.json,"Independent docs/interface reviewer, not a general accessibility certification.",CLOSE-R0018
24,R0018,18-08,R0018-A07,"Complete exact-candidate RED/GREEN/state/mutant/docs artifacts, then authorized deliveredroot",Independent full-card visual reader + real servedindex/default native composition,One final identity for source/build/fixtures; all acceptance IDs signed; actual public source matches and default noon/state behavior retained; evidence comment before closure.,"Windows; installed Chromium and Firefox serially, record exact versions (audit used Chromium 148.0.7778.96 / Firefox 150.0.2); isolated localhost profile/context; actual 325x530 CSS card, desktop 1100x900 and constrained 375x800 viewport where UI matters; DPR 1 and 2 where raster/geometry matters. These are future runs, not claimed execution.",Delivered bounded timetable closure certificate,evidence/R0018/delivery.json,Independent reviewer + primary effect authorization/readback.,CLOSE-R0018
25,R0019,R0019-O11,R0019-A11,Keyboard native Tab-order and both-trigger Enter/Space cycles; unchanged/changed native ticks.,Actual ceDateButton/ahDateButton/dateDialog/dateClose/cancel/close handlers.,Both Tab reachable without programmatic focus substitution; native opens/initial focus/background inertness; stable Close node/focus across ticks; Escape/Close restores initiator. Browser UI transfer allowed/documented; no custom circular trap.,"Isolated native Chromium then Firefox on recorded Windows/version; viewport325x530,DPR1; actual root/config/fixture hashes; declared synthetic provider and per-document storage; pre-script clocks; optional astronomy503/date-only scope and actual settled fonts disclosed.",Both Tab reachable without programmatic focus substitution; native opens/initial focus/background inertness; stable Close node/focus across ticks; Escape/Close restores initiator. Browser UI transfer allowed/documented; no custom circular trap.,evidence/R0019/native/keyboard.json,Independent native accessibility reviewer checks actual inputs and one held-out preset.,CLOSE-R0019
25,R0019,R0019-O12,R0019-A12,Native touch both dates; very-long/long-month scroll and selection without clipboard.,Actual same-document modal/value/Close consumers.,"No hover needed; full literal final tail/year obtainable and selected via native browser input; bounded scrolling and usable Close route, initiator return.","Isolated native Chromium then Firefox on recorded Windows/version; viewport325x530,DPR1; actual root/config/fixture hashes; declared synthetic provider and per-document storage; pre-script clocks; optional astronomy503/date-only scope and actual settled fonts disclosed.","No hover needed; full literal final tail/year obtainable and selected via native browser input; bounded scrolling and usable Close route, initiator return.",evidence/R0019/native/touch-selection.json,Independent interaction reviewer checks touch/selection readback and crop/clip including complete tail.,CLOSE-R0019
25,R0019,R0019-O13,R0019-A13,Four presets plus saved-long/literal/month/very-long/long-month and actual blocked-settled fallback font.,Actual config/formatter/full-value CSS/DOM.,"Exact declared preset and long values/tails, values14px/normal-anywhere wrap; no horizontal text clipping; width<=297px and viewport-28px, height<=viewport-28px; actual fonts settled/fallback identity. <=0.5px recorded rounding is measurement tolerance only.","Isolated native Chromium then Firefox on recorded Windows/version; viewport325x530,DPR1; actual root/config/fixture hashes; declared synthetic provider and per-document storage; pre-script clocks; optional astronomy503/date-only scope and actual settled fonts disclosed.","Exact declared preset and long values/tails, values14px/normal-anywhere wrap; no horizontal text clipping; width<=297px and viewport-28px, height<=viewport-28px; actual fonts settled/fallback identity. <=0.5px recorded rounding is measurement tolerance only.",evidence/R0019/native/formats-fonts.json,Independent pixel/text reviewer checks native full values against independent literals and actual font/geometry crops.,CLOSE-R0019
25,R0019,R0019-O14,R0019-A14,Continuous open transitions through real loader where claimed; hostile literal canary/unavailable selectors explicitly separate; storage/request/config/effects baseline.,Actual selectCalendarDisplay/renderCalendarDates/dialog/loader/DOM and isolated effect owners.,"Full/compact/accessible projection/reason equal; nodes/open/focus stable; only changed text writes; unavailable clears old full values; no disclosure-induced config/storage/request/method/selection effect; canary0/node-free, positive unescaped mutant fires1.","Isolated native Chromium then Firefox on recorded Windows/version; viewport325x530,DPR1; actual root/config/fixture hashes; declared synthetic provider and per-document storage; pre-script clocks; optional astronomy503/date-only scope and actual settled fonts disclosed.","Full/compact/accessible projection/reason equal; nodes/open/focus stable; only changed text writes; unavailable clears old full values; no disclosure-induced config/storage/request/method/selection effect; canary0/node-free, positive unescaped mutant fires1.",evidence/R0019/native/transitions-effects.json,"Separate calendar/security reviewer checks loader versus injected selector scope, genuine effects versus qaState probe and crops.",CLOSE-R0019
25,R0019,R0019-O15,R0019-A15,Native closed/open/long/touch-scrolled actual325x530 card and builder330x534 iframe/copy.,Actual header/prayer stack/footer/era/date modal and builder embed.,"Inner325x530 and approved outer330x534, same-clock header/content geometry retained; footer/era direction readable, bounded closeable dialog/full tail. No enlargement/shrunken font.","Isolated native Chromium then Firefox on recorded Windows/version; viewport325x530,DPR1; actual root/config/fixture hashes; declared synthetic provider and per-document storage; pre-script clocks; optional astronomy503/date-only scope and actual settled fonts disclosed.","Inner325x530 and approved outer330x534, same-clock header/content geometry retained; footer/era direction readable, bounded closeable dialog/full tail. No enlargement/shrunken font.",evidence/R0019/native/layout-builder.json,Independent layout reviewer views state-matched native pixels/geometry and exact actual iframe/copy dimensions.,CLOSE-R0019
25,R0019,R0019-O16,R0019-A16,Actual supported native engine capability/events/access behavior; conditional incompatible supported host if found.,Real HTMLDialogElement modal/close/cancel/projection consumers.,Required native behavior passes on recorded supported hosts; any actually unsupported declared host needs owner-resolved support scope or approved tested small same-projection fallback before compatibility closure. Title-only/forced mock host cannot qualify.,"Isolated native Chromium then Firefox on recorded Windows/version; viewport325x530,DPR1; actual root/config/fixture hashes; declared synthetic provider and per-document storage; pre-script clocks; optional astronomy503/date-only scope and actual settled fonts disclosed.",Required native behavior passes on recorded supported hosts; any actually unsupported declared host needs owner-resolved support scope or approved tested small same-projection fallback before compatibility closure. Title-only/forced mock host cannot qualify.,evidence/R0019/native/host-compatibility.json,Independent platform reviewer checks actual capability and claimed host scope; owner decision only if support/implementation choice truly missing.,CLOSE-R0019
25,R0019,R0019-O17,R0019-A17,Exact user/developer facts in specD; cold user follows documented path.,Delivered README/DESIGN and builder hint disposition.,Either CE/AH click/tap or Tab+Enter/Space opens both full selected dates/preview/reason; scroll/select and Close/Escape/focus/read-only explained; fixed dimensions/policy preserved; builder hint assessed without required sizing change.,Delivered documentation/source review; conditional builder text must receive affected geometry check.,Either CE/AH click/tap or Tab+Enter/Space opens both full selected dates/preview/reason; scroll/select and Close/Escape/focus/read-only explained; fixed dimensions/policy preserved; builder hint assessed without required sizing change.,evidence/R0019/docs/facts-review.json,Independent docs/source reviewer cold-follows instructions and checks final diff/raw/Pages identity.,CLOSE-R0019
25,R0019,R0019-O18,R0019-A18,"Final18-row certificate,8 residual acceptance outputs and accepted R0001/R0009 interfaces.",Final exact authored/generated UI/security/selection/docs and actually delivered consumer.,"Accepted interfaces preserved/requalified if affected; native access/geometry/compatibility/docs complete, mutants detected/healthy pass, independent/cold/primary reconciliation and required delivered state; proof comment readback precedes authorized closure.","Final source/root/docs/fixture/config/native host identities and actual public readback, not branch-only completion.","Accepted interfaces preserved/requalified if affected; native access/geometry/compatibility/docs complete, mutants detected/healthy pass, independent/cold/primary reconciliation and required delivered state; proof comment readback precedes authorized closure.",evidence/R0019/closure-certificate.json,Independent final reviewer/primary delivery reconciliation.,CLOSE-R0019
27,R001B,27-01,R001B-A01,"README introduction7 and Auto-detect, precise location & privacy heading121; existing corrected builder note192",Human README and builder Request details link,Explain local saved config versus external requests; remove blanket no tracking/no server storage; table lists eight actual request groups with trigger/recipient/fields and limitations,"Final text, unchanged source ledger; rendered docs",Accurate disclosure without asserting provider-retention policy,evidence/R001B/docs/introduction-and-table.json,"Independent prose reviewer compares complete actual callsite ledger, not tokens alone",CLOSE-R001B
27,R001B,27-02,R001B-A02,Builder initialization; widget coarse-detection paths including local/preferLocal resolution and Reset re-detection when required by the current resolver. https://get.geojs.io/v1/ip/geo.json; on failure https://ipinfo.io/json,Human README table versus actual config/builder/native request constructor ledger,Connection IP accompanies the request; these URL strings have no typed query or location coordinate parameters. IANA timezone detection uses local Intl. Coarse IP-derived location is approximate; this is not precise permission/GPS or a provider-retention claim.,Final docs and unchanged accepted source/control bindings,Corresponding recipient/trigger/field row complete and correct,evidence/R001B/docs/27-02-row.json,Independent reviewer checks exact URL/data/trigger and a relevant existing positive/negative boundary; no new network transmission,CLOSE-R001B
27,R001B,27-03,R001B-A03,Builder one-second debounce or Enter; widget Settings search on Enter; trimmed queries shorter than2 return no request. Nominatim https://nominatim.openstreetmap.org/search,Human README table versus actual config/builder/native request constructor ledger,"q contains the trimmed typed query; format=jsonv2, addressdetails=1, limit=5; countrycodes is the known home country only when the query contains a digit. Alphabetic London has no digit-country bias. All requests also disclose connection IP; source construction/control proof does not claim a new external transmission.",Final docs and unchanged accepted source/control bindings,Corresponding recipient/trigger/field row complete and correct,evidence/R001B/docs/27-03-row.json,Independent reviewer checks exact URL/data/trigger and a relevant existing positive/negative boundary; no new network transmission,CLOSE-R001B
27,R001B,27-04,R001B-A04,"Whitespace removed from typed query; leading letter-digit-letter pattern, in addition to Nominatim. Zippopotam https://api.zippopotam.us/ca/<FSA>",Human README table versus actual config/builder/native request constructor ledger,"First3 matched characters uppercased in the path, e.g. M5V2T6 -> /ca/M5V; no complete postcode or widget coordinate parameter is appended to that URL. This tests a prefix, not validity of a complete Canadian postcode; malformed longer queries with that leading pattern still trigger it.",Final docs and unchanged accepted source/control bindings,Corresponding recipient/trigger/field row complete and correct,evidence/R001B/docs/27-04-row.json,Independent reviewer checks exact URL/data/trigger and a relevant existing positive/negative boundary; no new network transmission,CLOSE-R001B
27,R001B,27-05,R001B-A05,"Eligible builder coordinate edits (700ms debounce) or permission-granted builder GPS; stale edit rejected, missing/non-numeric coordinate rejected, both automatic label/method controls off -> no request. BigDataCloud https://api.bigdatacloud.net/data/reverse-geocode-client",Human README table versus actual config/builder/native request constructor ledger,"latitude, longitude and localityLanguage=en; controlled example51.5/-0.12. This is the builder caller. The in-widget precise-location path does not invoke builder reverse geocoding. Actual browser/host permission is needed for GPS.",Final docs and unchanged accepted source/control bindings,Corresponding recipient/trigger/field row complete and correct,evidence/R001B/docs/27-05-row.json,Independent reviewer checks exact URL/data/trigger and a relevant existing positive/negative boundary; no new network transmission,CLOSE-R001B
27,R001B,27-06,R001B-A06,Active eligible prayer request and current/hourly weather request; actual config/cache/simulation/currentness guards determine whether requests occur. Aladhan https://api.aladhan.com/v1/timings/<date>; Open-Meteo https://api.open-meteo.com/v1/forecast,Human README table versus actual config/builder/native request constructor ledger,"Aladhan: latitude,longitude,method,school and requested date in path. Open-Meteo: latitude,longitude,timezone,temperature_unit(celsius/fahrenheit),wind_speed_unit=ms,current/hourly field selections and forecast_days=3. List the actual weather-field selections below, not a generic local-only claim. Construction proof is not provider retention/availability or observed precipitation proof.",Final docs and unchanged accepted source/control bindings,Corresponding recipient/trigger/field row complete and correct,evidence/R001B/docs/27-06-row.json,Independent reviewer checks exact URL/data/trigger and a relevant existing positive/negative boundary; no new network transmission,CLOSE-R001B
27,R001B,27-07,R001B-A07,Eligible active radar manifest then returned latest-past tile/frame under the existing weather currentness/cache guards. RainViewer https://api.rainviewer.com/public/weather-maps.json and returned tile host/frame path,Human README table versus actual config/builder/native request constructor ledger,"Returned host + frame.path + /256/<z>/<x>/<y>/2/1_1.png; x/y indices are derived from coordinates. Manifest URL has no coordinate query, tile indices still reveal a location-derived area. No conclusion about millimetres, direct precipitation observation, availability or provider retention is added.",Final docs and unchanged accepted source/control bindings,Corresponding recipient/trigger/field row complete and correct,evidence/R001B/docs/27-07-row.json,Independent reviewer checks exact URL/data/trigger and a relevant existing positive/negative boundary; no new network transmission,CLOSE-R001B
27,R001B,27-08,R001B-A08,Page stylesheet/font loading subject to browser cache/network policy. Google Fonts stylesheet fonts.googleapis.com and font resource host fonts.gstatic.com,Human README table versus actual config/builder/native request constructor ledger,Family/style/weight stylesheet request and returned font-resource URLs; no widget location/search fields in those source URLs; connection IP still accompanies external requests. Preconnect/resource declarations are source proof; cache-dependent fetching is not a claim every load transmits every font.,Final docs and unchanged accepted source/control bindings,Corresponding recipient/trigger/field row complete and correct,evidence/R001B/docs/27-08-row.json,Independent reviewer checks exact URL/data/trigger and a relevant existing positive/negative boundary; no new network transmission,CLOSE-R001B
27,R001B,27-09,R001B-A09,Reset explanation; existing clearLocal(KEY) control with unrelated prayer/weather cache sentinels,Human Reset guidance and unchanged config/widget Reset caller,"Reset clears only saved configuration; caches survive, area may be re-detected; no provider-held data erasure/retention claim",Final text plus accepted source Reset receipt; no rerun unless actual code changes,Local configuration/reset scope described honestly,evidence/R001B/docs/reset-boundary.json,Independent source/prose reviewer binds KEY-only accepted control and exact statement,CLOSE-R001B
27,R001B,27-12,R001B-A10,Final rendered README table/reset text and actual builder note/Request details link; desktop/narrow samples with recorded browser/DPR,Actual GitHub rendered Markdown and disposable/current builder UI,Every recipient/field/trigger/Reset fact legible and agrees; heading anchor correct; no clipping or lost table access; preserved optional permission/manual/card controls,"Real browser, exact source/URL/origin/viewport/DPR recorded; public coordinates only","Complete rendered user disclosure, not just source tokens or hash",evidence/R001B/rendered/results.json,Independent browser/doc reviewer inspects screenshots and details target sequentially,CLOSE-R001B
27,R001B,27-12,R001B-A11,Authorized final public README plus unchanged builder/config/index delivery,Public documentation/capability consumers,Changed README and required immutable evidence URLs/readbacks match final reviewed commit; source ledger/corrected builder bytes still bind accepted proof,Public raw/Pages/GitHub rendered after delivery authorization,Complete future corrected public disclosure plus explicit closure certificate,evidence/R001B/delivery/readback.json,Primary independent delivery/closure authority; current16readbacks not reused as new text,CLOSE-R001B
28,R001C,28-01,R001C-A01,Complete final positive/negative/unrelated-literal inventory across AGENTS/DESIGN/OPTICS; original bad locations and preserved five & append recipes,Actual q construction and final human recipes,Every positive diagnostic uses fragment/& append form; labelled negatives/unrelated queries and builder ?r preserved; before/after inventory complete,Final source/docs; parser fixture exact bytes,No positive query-only recipe survives; all intended literals activate actual flags,evidence/R001C/docs/literal-inventory.json,"Independent reviewer reconciles every original/changed literal and parser result, no global replace",CLOSE-R001C
28,R001C,28-02,R001C-A02,Advertised enum and all forceability prose; actual six production branches; physical-only phenomena,Human DESIGN/AGENTS/OPTICS versus DEBUGOPTIC branch ledger,Exact six names incl lunarhalo; no corona/earthshine/refraction/crepuscular dedicated force promise; lunar eligibility retained,Final prose and source VM force ledger,Complete accurate force and physical-only rule,evidence/R001C/docs/force-enum.json,"Independent semantic/branch reviewer, not token equality alone",CLOSE-R001C
28,R001C,28-03,R001C-A03,Exact paragraph and canonical real-time/full-motion/noon halo URLs in documentationFacts,Actual parser and human copied recipe,Full lat24.47/lon39.61/labelMadinah/method4 fragment; intended debug flags set; no simTime in motion recipes; noon halo force correctly advertised,"Final docs/parser, actual native browser for specific motion consumers",Copyable self-contained recipes and explanation,evidence/R001C/docs/complete-recipes.json,Independent reader copies exact literals and compares expected q flags/meaning,CLOSE-R001C
28,R001C,28-04,R001C-A04,Exact freeze/pixel paragraph; real-time recipes vs noon simTime; eligible lunar and ineligible source cases,Human diagnostic workflow and actual physical permission/clock flags,simTime without timeScale freezes; activation alone proves neither visible motion nor correct pixels; no lunar force grants light when physically ineligible; preserve screenshot/watch/no-hash gates,Final prose and executed healthy/ineligible force fixture,Correct usage/evidence caveat without weakened visual gates,evidence/R001C/docs/freeze-and-physics.json,"Independent visual/physics docs reader separates configuration, native consumer and pixel claims",CLOSE-R001C
28,R001C,28-05,R001C-A05,Every final changed literal; complete positive/full/noon URLs; import unchanged five append and exact query-negative PASS receipts,Actual q/DEBUGOPTIC/DEBUGMOTION/MOTIONFULL declarations for changed literals; accepted unchanged controls reused,"Expected flags for each changed exact URL/fragment; query-negative false; moved-flag/query-only mutant fails actual intended flag, not parse; rerun accepted controls only on relevant byte/input change",Offline Node VM bound to actual source and fixture SHA; no pixel/native claims,Complete literal-by-literal execution/reuse ledger,evidence/R001C/parser/results.json,Independent reviewer compares exact final inventory to executed/new versus reused rows,CLOSE-R001C
28,R001C,28-05,R001C-A06,Production clamp/eligibility/force region; _pbrFailed false; moonfrac.98alt20/sunalt-18; six force names; frac.01/.02/alt-10/day20/_pbrFailedtrue; corona unsupported,Actual force branches executed with complete legitimate context,Exactly one matching forced output (.95/.95/.9/.8/.9/.95); physical-ineligible lunar outputs zero; corona q readable but six forced outputs zero; enum and branch-name controls discriminate,"Offline actual-source Node VM; fixture repaired, not native browser/pixel proof",Healthy completed force ledger plus ineligible/corona negatives; old failed attempt retained,evidence/R001C/force/results.json,Independent reviewer validates every context binding and true production code; no weakened assertion,CLOSE-R001C
28,R001C,28-05,R001C-A07,Parse-valid omitted-lunarhalo/added-corona/positive-query/moved-flag mutants and unchanged positives,Final docs/parser/branch ledger oracle,Each fails intended enum/literal invariant after healthy bootstrap; preserve original passing recipe/negative controls,Same source/fixture/docs binding,Discriminating RED and complete healthy original,evidence/R001C/mutants/results.json,"Reviewer verifies mutation reachability/cause, excluding incomplete VM setup",CLOSE-R001C
28,R001C,28-06,R001C-A08,"Complete real-time #...&debugMotion=1 on disposable browser origin, page visible, no simTime; actual q and .dbgmotion",Actual generated index boot/updateMotionDbg/real loop in browser,"DEBUGMOTIONtrue, intended q fields, normal1x, visible rendered updating overlay; actual DOM/state/screenshots captured; no claim cloud hash proves motion",Real browser/version/origin/viewport/DPR and final assets recorded,Specific diagnostic consumer activated; unchanged normal-runtime baseline reused,evidence/R001C/browser/debug-motion.json,Independent browser reviewer observes actual q/overlay and limits visual claim to supplied pixel/watch evidence,CLOSE-R001C
28,R001C,28-06,R001C-A09,"Same real-time page, native browser reduced-motion media=true, with and without &motion=full; query-negative before#",Actual matchMedia/isMotionReduced/MOTIONFULL/.c.motionfull and native CSS/.dbgmotion,Without full: reductiontrue; with full: MOTIONFULLtrue/reductionfalse/class and overlay agree; query-negative flagsfalse/overlaynotactivated; never stub matchMedia,"Actual browser native media emulation or authorized disposable preference, method recorded",Accessibility default and intended opt-in override qualified; source/VM alone insufficient,evidence/R001C/browser/reduced-motion.json,"Independent reviewer checks true matchMedia state, two URL/control states, DOM/CSS/screenshots and exact source",CLOSE-R001C
28,R001C,28-09,R001C-A10,Rendered AGENTS/DESIGN/OPTICS complete positive/negative/enum/physical/freeze examples and final independent evidence comment,Human public Markdown consumers and evidence reviewer,Exact corrected paragraphs/examples complete/copyable/legible; literal/enum/browser rows and accepted boundaries mapped to evidence; unsupported strings not presented as forceable,Actual rendered branch/final Markdown with browser/version/viewport/DPR,Complete independent docs/QA review and certificate map,evidence/R001C/rendered/results.json,Different reviewer cold-copies examples and checks source/VM/browser/pixel distinction,CLOSE-R001C
28,R001C,28-09,R001C-A11,"Authorized final public/raw AGENTS/DESIGN/OPTICS, unchanged native/index/builder assets and immutable evidence comment",Actual public documentation and advertised diagnostics capability,Changed docs hashes/rendering match final reviewed commit; unchanged runtime rebinds baseline; exact evidence URLs available; no blanket alltests claim,Public raw/Pages/GitHub rendered after authorized delivery,Correct future distribution plus explicit CLOSE-R001C certificate,evidence/R001C/delivery/readback.json,Primary independent public/closure authority; preserve remaining failed native/visual gates outside scope,CLOSE-R001C
32,R0020,R0020-O06,R0020-A06,"WALL-PROMOTE/HELD/BACK-LATE; actual matched days/cache/slots and independent elapsed. HELD prerequisite: healthy settled Sept7 23:59:59 boot/admitted persisted cache7, _loopStarted=true/actual callback; actual label-only applyConfig refresh unchanged lat/lon/UTC/method/school/units retains loop/cache identity, creates recorded new generation; hold current7 and native new-prefetch8, wall forward midnight, release8, next native callback owns prefetch9 before current7/corrected8/finally release. No manual render/startloop/state assignment.",Actual prayerCivilDay/adoptPrayerBundle/maintainPrayerDay/loadPrayerData/cache/current/prefetch/finally.,Day8 completed prefetch promoted/current day correct; late7 not relabeled8; backward8 may be nextDay not current7; captured cache/day identities correct; current finally does not clear successor prefetch; at most1 corrected request/shared3attempts.,"Isolated native Chromium then Firefox on recorded Windows/version; viewport325x530,DPR1; actual root/config/fixture hashes; declared synthetic provider and per-document storage; pre-script clocks; optional astronomy503/date-only scope and actual settled fonts disclosed.",Day8 completed prefetch promoted/current day correct; late7 not relabeled8; backward8 may be nextDay not current7; captured cache/day identities correct; current finally does not clear successor prefetch; at most1 corrected request/shared3attempts.,evidence/R0020/native/day-ownership.json,Independent day/ownership reviewer checks requested/admitted/current days/operation IDs and every release crop.,CLOSE-R0020
32,R0020,R0020-O08,R0020-A08,WALL-RETRY plus held current/prefetch owner; same-day versus different-day retirement separately classified.,Actual begin/finishPrayerRequest/_RAFNOW/_prayerCooldown/_requestSlots.,"60000ms same-day elapsed budget: no fourth start59000/59999, one next eligible opportunity>=60000 and pending owner blocks overlap; wall/sim minutes do not postpone/accelerate; old finally releases only owning slot; intentional day retirement separate.","Isolated native Chromium then Firefox on recorded Windows/version; viewport325x530,DPR1; actual root/config/fixture hashes; declared synthetic provider and per-document storage; pre-script clocks; optional astronomy503/date-only scope and actual settled fonts disclosed.","60000ms same-day elapsed budget: no fourth start59000/59999, one next eligible opportunity>=60000 and pending owner blocks overlap; wall/sim minutes do not postpone/accelerate; old finally releases only owning slot; intentional day retirement separate.",evidence/R0020/native/prayer-cooldown.json,Independent scheduling reviewer checks reached actual starts/attempt IDs/cooldown clocks; no weather-backstep requirement.,CLOSE-R0020
32,R0020,R0020-O12,R0020-A12,"All scheduled native cases with pre-script Date/performance and original callbacks delegated. WALL-HELD proves healthy settled day7 boot/cache/_loopStarted=true, actual callback and label-only real applyConfig refresh retaining native loop/cache while new generation current7/prefetch8 are held; awaited cold boot is not its entry.","Actual boot/model/render/native loop/provider/admission/slots/cache/DOM, not directrender/seek.",Setup and both clock/hash/config/fixture identities recorded; actual scheduled current/next/countdown/date/cache/slots readback; retained27-assertion direct-render model-host-sky case credited only for its original scope.,"Isolated native Chromium then Firefox on recorded Windows/version; viewport325x530,DPR1; actual root/config/fixture hashes; declared synthetic provider and per-document storage; pre-script clocks; optional astronomy503/date-only scope and actual settled fonts disclosed.",Setup and both clock/hash/config/fixture identities recorded; actual scheduled current/next/countdown/date/cache/slots readback; retained27-assertion direct-render model-host-sky case credited only for its original scope.,evidence/R0020/native/setup-and-consumers.json,Independent native reviewer separates retained versus missing scheduled boundaries and verifies no mocked expected consumer.,CLOSE-R0020
32,R0020,R0020-O13,R0020-A13,"Actual forward/reverse prayer/day/deferred/visibility and fresh explicit1/60/frozen native scenarios; WALL-HELD uses settled native day7 boot/cache and retained-loop label-only applyConfig refresh, successor prefetch9 observed owning before current7 finally.",Scheduled native prayer/current/next/countdown/day/cache/slot/preview consumers.,15:29:59Dhuhr/Asr1/60min->15:30:01Asr/Maghrib->reverseDhuhr/Asr; correct day/releases/reclassification; resume present instant with1existing eligible opportunity/no storm; explicit1/60/frozen independent anchors and ADVANCING/provenance preserved; matched crops.,"Isolated native Chromium then Firefox on recorded Windows/version; viewport325x530,DPR1; actual root/config/fixture hashes; declared synthetic provider and per-document storage; pre-script clocks; optional astronomy503/date-only scope and actual settled fonts disclosed.",15:29:59Dhuhr/Asr1/60min->15:30:01Asr/Maghrib->reverseDhuhr/Asr; correct day/releases/reclassification; resume present instant with1existing eligible opportunity/no storm; explicit1/60/frozen independent anchors and ADVANCING/provenance preserved; matched crops.,evidence/R0020/native/boundary-modes.json,Independent caller reviewer checks sequence/release/callback records and exact healthy/negative native controls.,CLOSE-R0020
32,R0020,R0020-O14,R0020-A14,Boundary/deferred-day corrected UI crops; retained exact-root full-renderer wall controls and accepted motion/Moon or affected valid scene.,Actual readable card/prayer/date and separate full-renderer Moon/motion/visibility consumers.,325x530 readable after each correction/release; valid opaque calendar Moon and actual15-60s motion/Delta where allowed; reduced/full/offscreen retained. Date-only503/late still/cloud hash does not qualify whole-sky/startup/motion.,"Isolated native Chromium then Firefox on recorded Windows/version; viewport325x530,DPR1; actual root/config/fixture hashes; declared synthetic provider and per-document storage; pre-script clocks; optional astronomy503/date-only scope and actual settled fonts disclosed.",325x530 readable after each correction/release; valid opaque calendar Moon and actual15-60s motion/Delta where allowed; reduced/full/offscreen retained. Date-only503/late still/cloud hash does not qualify whole-sky/startup/motion.,evidence/R0020/regression/reuse-and-crops.json,Independent pixel/lifecycle reviewer signs source/input equivalence or affected PNG/clip/Delta; local h8PNG not falsely public.,CLOSE-R0020
32,R0020,R0020-O15,R0020-A15,"Exact DESIGN facts in specD matched to actual temporal source, coordinated with R0008 docs.",Delivered DESIGN atmosphere/timeScale paragraphs.,OneAPI/twoauthorities: ordinary absent overrides currentDate.now; explicit1x anchored ADVANCING/forecast/star/SIM preview; explicit60/frozen/parser compatibility/invalid inverse; supported monotonic precision/no sleepNTP claim; no mode redesign.,"Exact delivered documentation review and authorized merged/public doc, not a mock consumer.",OneAPI/twoauthorities: ordinary absent overrides currentDate.now; explicit1x anchored ADVANCING/forecast/star/SIM preview; explicit60/frozen/parser compatibility/invalid inverse; supported monotonic precision/no sleepNTP claim; no mode redesign.,evidence/R0020/docs/facts-review.json,Independent docs/source reviewer checks exact source/prose/raw/Pages equality.,CLOSE-R0020
32,R0020,R0020-O16,R0020-A16,16-row certificate and all seven residual outputs plus retained accepted source/native scopes.,Final joined authored/generated temporal/day/caller/docs and delivered public consumer.,"All gates qualified, accepted boundaries preserved,3mutants detected/healthy controls pass, no adjacent weather/runtime scope change, independent/cold/primary review and required actual delivery before proofcomment/readback/authorized closure.",Exact final source/tree/runtime/root/docs/fixture/host/config/public identity; unmerged branch cannot close delivered-doc requirement.,"All gates qualified, accepted boundaries preserved,3mutants detected/healthy controls pass, no adjacent weather/runtime scope change, independent/cold/primary review and required actual delivery before proofcomment/readback/authorized closure.",evidence/R0020/closure-certificate.json,Independent final reviewer and primary delivery/closure reconciliation.,CLOSE-R0020
33,R0021,21-08,R0021-A01,"Same quiescent saved Orlando normal1x scene before18ff/after exact integrated startup/L1 source; finite synthetic prayer/weather, cold/warm isolated documents and paired steady blocks",Actual native startup commit/render/theme callbacks and steady controller CPU/state/provider inventory,"Startup and steady measured separately with adopted original-contract operational budget; proposed steady median/p95 addition<=max(.25ms,10%baseline), no new permanent native controller/unbounded allocations. Reuse source-thread startup response budgets only if their exact envelope/frames match.","Windows; installed Chromium and Firefox serially, record exact versions (audit used Chromium 148.0.7778.96 / Firefox 150.0.2); isolated localhost profile/context; actual 325x530 CSS card, desktop 1100x900 and constrained 375x800 viewport where UI matters; DPR 1 and 2 where raster/geometry matters. These are future runs, not claimed execution.",Original21-08.b cost gate passes or remains explicitly incomplete,evidence/R0021/cost/results.json,Independent performance reviewer; N001/late Moon RGB comparison cannot replace callback proof.,CLOSE-R0021
33,R0021,21-10,R0021-S1,"Saved Orlando28.5383/-81.3792/height0/NewYork; wall2026-09-25T02:00Z real1x; cold/warm/newtab, direct325x530 and330x534 iframe, installed Windows reference hardware and browser/DPR1/2","Actual ordinary first compositor/video frames of exposed celestial scene, independent native acquisition/currentness","Exact predeclared reference budgets are verified in the definite handoff: navigation C<=1000ms/F<=1500ms, accepted scene-to-complete C<=250ms/F<=400ms, principal-component gap<=80ms, added matched-baseline C<=250ms/F<=400ms. Current cold314>250 and reload added260>250 stay FAIL until exact final source/native frames pass; final Firefox is pending. Preserve upper-bound receipt timestamps and unobserved frame intervals; no trace/late-still/synthetic-marker promotion or threshold widening.","Windows; installed Chromium and Firefox serially, record exact versions (audit used Chromium 148.0.7778.96 / Firefox 150.0.2); isolated localhost profile/context; actual 325x530 CSS card, desktop 1100x900 and constrained 375x800 viewport where UI matters; DPR 1 and 2 where raster/geometry matters. These are future runs, not claimed execution.",Complete coherent first current celestial scene within exact adopted reference budgets,evidence/R0021/startup/S1-frames.json,"Different reviewer examines actual video/frame coverage; limits are reference-hardware budgets, not universal platform promise.",CLOSE-R0021
33,R0021,21-10,R0021-S2,Scene warrants visible catalogue anchors; full catalogue/diffuse packs held/delayed; clear and bounded cloud/rain contrast controls,"Actual early real catalogue subset, astrometry/extinction/flux/PSF then full accepted catalogue","Earliest anchors use the same pinned actual catalogue/projected current target/time, meaningful obvious anchors where allowed; no random/legacy blue field or star gain; source/currentness/pixel identity retained through full pack arrival.","Windows; installed Chromium and Firefox serially, record exact versions (audit used Chromium 148.0.7778.96 / Firefox 150.0.2); isolated localhost profile/context; actual 325x530 CSS card, desktop 1100x900 and constrained 375x800 viewport where UI matters; DPR 1 and 2 where raster/geometry matters. These are future runs, not claimed execution.",Early stars scientifically sourced and first-scene presence survives full-pack delay,evidence/R0021/startup/S2-stars.json,"Independent source and actual pixel identity reviewer; rain obstruction is explicit, not a false missing-star fail.",CLOSE-R0021
33,R0021,21-10,R0021-S3,"Retained40 initial/full comparisons: ten phase/sense cases,DPR1/2,two subpixel placements,initial data0c5e4be7...,consumer47e9088f... and all pinned references from initial-qualification-final/comparison.json; final current scene/body footprint and native first presentation",Actual initial current V5-input Moon then preview/refined surface and opaque body join,"Reuse the exact40 numerical comparisons at unchanged data/consumer/reference identities: max encodedRGB RMS0.385564/255,p95 absolute1,identical coverage; retained status NUMERICAL_PASS_VISUAL_REVIEW_REQUIRED. Exact predeclared bounds are RMS<=4/255,p95abs<=12/255,silhouette<=0.5devicepx plus visual rejection of obvious swap. Final source must preserve approved V5 material/Earthshine/profile/kernel/currentness and native geometry; requalify only actually changed comparison owners. Initial receiver is not final scientific terrain, and numerical equivalence never closes whole-scene S10 or first compositor appearance.","Windows; installed Chromium and Firefox serially, record exact versions (audit used Chromium 148.0.7778.96 / Firefox 150.0.2); isolated localhost profile/context; actual 325x530 CSS card, desktop 1100x900 and constrained 375x800 viewport where UI matters; DPR 1 and 2 where raster/geometry matters. These are future runs, not claimed execution.",Current early Moon preserves approved source/material/body and has actual first-scene pixels,evidence/R0021/startup/S3-moon.json,Independent material/native first-frame reader; metrics cannot pass if ordinary appearance fails.,CLOSE-R0021
33,R0021,21-10,R0021-S4,"Initial->preview->refined normal1x, matching current scene and twilight fade; bright star inside/outside control and fade.521/other approved levels","Actual V5/current Moon surface, direct catalogue/diffuse join, geometry and independent occluder",No scale/phase/opacity/texture jump or stars through disc; fixed mostly-in-frame footprint and independent coverage at fade; outside-star positive and fade-scaled leak mutation retained. Late still never substitutes for first/transition frame proof.,"Windows; installed Chromium and Firefox serially, record exact versions (audit used Chromium 148.0.7778.96 / Firefox 150.0.2); isolated localhost profile/context; actual 325x530 CSS card, desktop 1100x900 and constrained 375x800 viewport where UI matters; DPR 1 and 2 where raster/geometry matters. These are future runs, not claimed execution.",Coherent transition without loss of approved material/opaque body,evidence/R0021/startup/S4-transitions.json,Sequential independent complete and layer crop/video review.,CLOSE-R0021
33,R0021,21-10,R0021-S5,Full large input slow/missing/decoder/Image/body failure then current retry; initial current small inputs available; truthful unresolved target,Actual source/asset acquire and current admitted initial/preview/full presentation recovery,"Current initial scene usable and complete where warranted; prayer/settings independent. Missing/failed full source is explicit, never fake ready; current retry refines without withdrawing to atmosphere-only or old target. Distinguish source/body/Image recovery from generic asset errors.","Windows; installed Chromium and Firefox serially, record exact versions (audit used Chromium 148.0.7778.96 / Firefox 150.0.2); isolated localhost profile/context; actual 325x530 CSS card, desktop 1100x900 and constrained 375x800 viewport where UI matters; DPR 1 and 2 where raster/geometry matters. These are future runs, not claimed execution.",Bounded truthful failure/recovery at actual changed consumers,evidence/R0021/startup/S5-recovery.json,"Independent consumer/readback review, exact attempted failure mode and current generation.",CLOSE-R0021
33,R0021,21-10,R0021-S6,"Accepted targetA->B->newA, forward/back seek, reference/profile/DPR change, stale UTC>30000ms and out-of-order delayed completion",Actual accepted-host/nativeJob/current result and Moon surface/profile/terrain fences,"No stale target/time/generation/profile/phase/refinement accepted; reuse exact existing strict age and geometric budgets and negative controls. First/preview/full rows bind actual consumed source and current identity, not a diagnostic-only state.","Windows; installed Chromium and Firefox serially, record exact versions (audit used Chromium 148.0.7778.96 / Firefox 150.0.2); isolated localhost profile/context; actual 325x530 CSS card, desktop 1100x900 and constrained 375x800 viewport where UI matters; DPR 1 and 2 where raster/geometry matters. These are future runs, not claimed execution.",Current source lineage preserves all existing admission/currentness controls,evidence/R0021/startup/S6-currentness.json,Different reviewer checks actual rejects and recovery; no weakened30s/phase fences.,CLOSE-R0021
33,R0021,21-10,R0021-S7,Cold/warm/newtab; ordinary direct/iframe/file entry plus actual reported extension parent separately; both engines/DPR1/2; private settings profile; final labelled valid Gregorian/Hijri current/next-day provider fixture; older invalid-Hijri captures excluded from calendar readiness,Actual card/wrapper/footer/header/buckle/six rows/date/countdown/settings + first celestial composition in each required environment,325x530card/approved330x534iframe and usable UI stay intact. File scope/errors explicit. Actual extension parent needs acquired surface or owner amendment; generic iframe not its native proof. No owner location/storage/clipboard copied.,"Windows; installed Chromium and Firefox serially, record exact versions (audit used Chromium 148.0.7778.96 / Firefox 150.0.2); isolated localhost profile/context; actual 325x530 CSS card, desktop 1100x900 and constrained 375x800 viewport where UI matters; DPR 1 and 2 where raster/geometry matters. These are future runs, not claimed execution.","Native current entries and actual parent bounded proof, or explicit platform gate remains",evidence/R0021/parent/results.json,Independent geometry/pixels and environment identity reader; unavailable actual parent is not silent PASS.,CLOSE-R0021
33,R0021,21-10,R0021-S8,Exact source-thread candidate/build hashes and unchanged frozenV1/full science assets/kernel/profile/reference/catalogue inputs,Actual authored source -> existing deterministic generators -> root assets/bundles/identity and V1 consumers,Two deterministic builds agree at generated outputs; immutable numerical/kernel/profile/catalogue/reference identity retained; no PR38 donor or growing/zooming V1 reinterpretation; incomplete active source cannot be called merged product.,"Windows; installed Chromium and Firefox serially, record exact versions (audit used Chromium 148.0.7778.96 / Firefox 150.0.2); isolated localhost profile/context; actual 325x530 CSS card, desktop 1100x900 and constrained 375x800 viewport where UI matters; DPR 1 and 2 where raster/geometry matters. These are future runs, not claimed execution.",Source/build/data lineage and protected frozen product retained,evidence/R0021/startup/S8-build.json,Independent source custody/generated-owner review.,CLOSE-R0021
33,R0021,21-10,R0021-S9,Definite planning handoff SHA05dc257e4c38a3d58e844c15a64223e4ef3cec8d2187d99a4857d6d6563ee98c and STARTUP_HANDOFF.json; later same-thread exact separate Draft PR/head/runtime/results; all-row final delivery status,"Primary intake, named successor revision1 record and later authorized final merge/public rendered readback",Keep implemented/qualified/accepted/unmerged/delivered distinct. Preserve original callback row and accepted audit evidence; single coordinator links issue status. No claimed closure from Draft PR or publication.,"Windows; installed Chromium and Firefox serially, record exact versions (audit used Chromium 148.0.7778.96 / Firefox 150.0.2); isolated localhost profile/context; actual 325x530 CSS card, desktop 1100x900 and constrained 375x800 viewport where UI matters; DPR 1 and 2 where raster/geometry matters. These are future runs, not claimed execution.",Complete exact handoff and delivery certificate with residual exceptions explicit,evidence/R0021/delivery.json,Primary and different reviewer; explicit exact effect authority and live readback.,CLOSE-R0021
33,R0021,21-10,R0021-S10,"Frozen L1 causal whole-scene frame/ROIs, future exact selected L1 display correction and ordinary first/initial/preview/refined full scenes",Actual unstripped complete sky composition + R0022-L1 full-composition/v1 artifact at matched integrated source,"Owner accepts the matched unstripped complete scene, including the left concentration and broad-wash regions, under the predeclared L1 display/preservation bounds; the previously rejected hotspot/wash appearance is no longer an unaccepted residual. Attribution alone and a passing lunar-onlyRGB/coverage comparison never close S10. Do not implement L1 twice in startup owner; preserve the physical field, without requiring total removal.","Windows; installed Chromium and Firefox serially, record exact versions (audit used Chromium 148.0.7778.96 / Firefox 150.0.2); isolated localhost profile/context; actual 325x530 CSS card, desktop 1100x900 and constrained 375x800 viewport where UI matters; DPR 1 and 2 where raster/geometry matters. These are future runs, not claimed execution.","S10 visually accepted through delivered L1 complete-scene artifact, otherwise remains OPEN",evidence/R0021/startup/S10-l1-consumption.json,"Independent whole-scene pixel reader and owner; linked R0022-L1 contract, not duplicate implementation.",CLOSE-R0021
34,R0022,22-05,R0022-A01,"Native2026-09-08/Madinah22:00/Riyadh; fractions.08/.5/.92/1, alt20,H42; completefinite admittedwx2/cloud30/low0/mid8/high28/temp24/RH55/dew15/vis20km/wind3dir225gust5/precip0",Actual atmosphere/paint/cloudState/.mglow eligibleconsumer outputs; originalbaselinegain fixture versus currentnative owner,Compare protected eligible illumination/beam/halo/corona/paraselenae/cloudlight/localglow gains and sourceposition with meaningful original baseline assertions reached. Explicitly map approved CP9 solar/catalogue/V5 and admittedwater/fogcorona changes; no optionalphasecurve orLambert imposed.,"Windows; installed Chromium and Firefox serially, record exact versions (audit used Chromium 148.0.7778.96 / Firefox 150.0.2); isolated localhost profile/context; actual 325x530 CSS card, desktop 1100x900 and constrained 375x800 viewport where UI matters; DPR 1 and 2 where raster/geometry matters. These are future runs, not claimed execution.",All original native eligible balance assertions pass or a specific adoptedchange has matched independentproof,evidence/R0022/balance/native-gains.json,Independent mapping reviewer rejects empty oldarray stubs and blanket byteguard exclusions.,CLOSE-R0022
34,R0022,22-05,R0022-A02,Nearnew.01/alt20; below-10; daylight12:30; eligiblefourphases; actualcurrent V5/reference/catalogue controls and final-v49native/layerimage references at unchangedinputs,Actual nativeeligibilityzero + acceptedhost/nativeJob/physicalSkyState + currentMoon surface opaque join/catalogue,"Allnativefalse-calendar physicalconsumers0 in nativeineligibleconditions; legitimateindependent astronomy is not falsely zeroed by decorativeSIM. Acceptedsource-age<=30000ms/target/generation+opacityoutsidepositive/leakmutants discriminate current composition. Map matched V5material/reference equality, fixedbody andtextureprovenance; do not demand oldLambert/PBRstring identity.","Windows; installed Chromium and Firefox serially, record exact versions (audit used Chromium 148.0.7778.96 / Firefox 150.0.2); isolated localhost profile/context; actual 325x530 CSS card, desktop 1100x900 and constrained 375x800 viewport where UI matters; DPR 1 and 2 where raster/geometry matters. These are future runs, not claimed execution.",Originalcalendar/physicalseparation and current material preserve at actualconsumers,evidence/R0022/balance/current-interface-map.json,Different reviewer views mapped actual complete/layercrops and controls; no new entirephasecampaign claimed.,CLOSE-R0022
34,R0022,22-08,R0022-A03,Samequiescent22:00finite native scene before/after; selectedactualnativepaint functions plus separatelychangedL1displayjoin; warm5s andfourpaired5sABBAblocks,Actual native atmosphere/paint/localMoon/selecteddisplay CPU calls and allocation/provider/controller inventory,"Pre-adopted proposedmedian/p95 budget max(.25ms,10%baseline) passes; no extra per-frame texture/readback/network/permanentcontroller. Existing normalmotion/UI/weather/reduced/full reused at unchangedowners. Compare correctfunctionscope and keepraw/noisyfailures; no broadGPU/CP9rateclaim.","Windows; installed Chromium and Firefox serially, record exact versions (audit used Chromium 148.0.7778.96 / Firefox 150.0.2); isolated localhost profile/context; actual 325x530 CSS card, desktop 1100x900 and constrained 375x800 viewport where UI matters; DPR 1 and 2 where raster/geometry matters. These are future runs, not claimed execution.",Originalsame-scene warmedcost row completed distinctly fromstartup andL1visualproof,evidence/R0022/cost/results.json,"Independent performance reader checks pre-runbudget, baselineowner andequalactualsetup.",CLOSE-R0022
34,R0022,22-L1,R0022-L1-A01,"Frozen32-filehandoff, specSHA0abeda016832251368d82219f56f7d9dce581a8c9643ba02062128fe68b38a05, baselinef443/candidatef265, exactretainedROIs/frame/field/exposure",Authoritative actual display/native-preview/native-host/first-paint units and retainedraw fields; independent ownerreview,Verify published byte hashes; reuse alreadycompletedattribution. Predeclare raw/display contract and chosenhypothesis withnumericalbounds/whole-sceneowneracceptance beforequalification. Neither all-field deletion norwhole-field relocation/dimming/starbrightening/bodyresize/weather double application is allowed.,"Windows; installed Chromium and Firefox serially, record exact versions (audit used Chromium 148.0.7778.96 / Firefox 150.0.2); isolated localhost profile/context; actual 325x530 CSS card, desktop 1100x900 and constrained 375x800 viewport where UI matters; DPR 1 and 2 where raster/geometry matters. These are future runs, not claimed execution.",Concrete approvedboundeddisplay contract or explicit decisionblockedstatus,evidence/R0022/L1/display-contract.json,Independent physical/display reviewer plus actualowner complete-scene approval; unapprovedhypothesis cannot execute asREADY.,CLOSE-R0022
34,R0022,22-L1,R0022-L1-A02,"Ordinary savedOrlando28.5383/-81.3792/height0/NewYork; wall2026-09-25T02:00Z real1x; WMO0/cloud0/precip0/vis20km/temp28C/RH45/wind2; correspondingeligiblecloud/rain,realbelow/lowMoon,dawnbothside/day cases","Actual unstripped whole composition first/initial/preview/refined1x/native-display join, acceptedphysicalMoonfield and approvedcalendar body",Selectedpredeclared displaybounds pass and owner rejects neither leftsource norbroadwash in actualfull scene. Rawphysicalfield andnon-lunarchannels remain separatelyretained; legitimate Moon illumination preserved; directionordering/eligibility/weather/currentness unchanged. Diagnostics and ROI reductionalone never pass visualgate.,"Windows; installed Chromium and Firefox serially, record exact versions (audit used Chromium 148.0.7778.96 / Firefox 150.0.2); isolated localhost profile/context; actual 325x530 CSS card, desktop 1100x900 and constrained 375x800 viewport where UI matters; DPR 1 and 2 where raster/geometry matters. These are future runs, not claimed execution.",Owneraccepted fullcomposition across bounded affectedstates with matchedfinalsource proof,evidence/R0022/L1/qualification/full-scenes.json,Sequential independent full-cardpixels/video review and owner approval; no numeric lunar-only substitute.,CLOSE-R0022
34,R0022,22-L1,R0022-L1-A03,"Sameboundsource DPR1/2 Chromium/Firefox; initial->preview->refined; slow/missingfullasset,retry; staleUTC>30000ms,targetABA,generation,seek/profile/reference; nativezero andoutside-starpositive/leakfaults",Actual currentMoon/catalogue/cloud-once/display/currentness nativejoin and startup lifecycle; existing strict fences,"Keep first completebudgets, fixedbodyfootprint/limb/texture/Earthshine, opaque occlusion outsidepositive, catalogue identities, rawphysicalfields andsingle weathertransmission. Relevant displayleak/fielddeletion/whole-field relocation mutants reach theiroracle. No newnumericphase/agebudget is substituted.","Windows; installed Chromium and Firefox serially, record exact versions (audit used Chromium 148.0.7778.96 / Firefox 150.0.2); isolated localhost profile/context; actual 325x530 CSS card, desktop 1100x900 and constrained 375x800 viewport where UI matters; DPR 1 and 2 where raster/geometry matters. These are future runs, not claimed execution.",No L1 shortcut or startup/currentness/material regression; targetedproof only,evidence/R0022/L1/qualification/preservation-and-negatives.json,Independent reviewer maps reused versus changedowners; actualextensionparent remains explicitunavailable if not acquired.,CLOSE-R0022
35,R0023,R0023-O04,R0023-A01,DESIGN332–355 at WidgetConfig339–341 and README105/128–139; known original acquire T versus savedAt and timestamp T+1 boundary.,Delivered config documentation and recipient/privacy prose against normalizeLocationEvidence/browserLocationEvidence/saveLocal/loadLocal.,"Document zero-skew actual clock: finite numeric acquiredAt>0 and<=Date.now; future/nonpositive/malformed stays null, not age0; unrelated save does not renew. Explicitly distinguish browser position/saved position/configured site.","Read-only source/document review, then future delivered README/DESIGN readback.",Actual implemented rule documented; no freshness radius/age threshold invented.,evidence/R0023/documentation.json,Independent cold reviewer reads raw trace and mapped crops; primary reconciles source/consumer identity before closure.,CLOSE-R0023
35,R0023,R0023-O18,R0023-A11,"README105/128–139 and DESIGN339–341, actual locationEvidence domains, private portable history and legacy saved record.",Delivered README recipient/privacy and DESIGN WidgetConfig schema against actual config/form/export consumers.,"Describe source/intent/accuracyM/acquiredAt/provider/area/bounds, independent savedAt, browser versus saved position, manual fixed site and conservative non-destructive legacy/old-reader handling. Portable recipient gets configured destination with no private acquisition history. Join conditional partition wording with #17.",Read-only semantic review and future delivered README/DESIGN; no new behavior test for prose.,All metadata lifecycle/disclosure facts present and accurate; no unsupported precise GPS or current-presence claim.,evidence/R0023/documentation-metadata-recipient.json,Independent cold reviewer reads raw trace and mapped crops; primary reconciles source/consumer identity before closure.,CLOSE-R0023
35,R0023,R0023-O21,R0023-A07,"Four native permission cases with real Date: A top-level allowed/granted, A parent delegated cross-origin B, noallow cross-origin B with default parent policy, restrictive parent geolocation=() plus iframeallow. Controlled browser location52.52/13.41/accuracy25; test context grants only owned A/B; seed same manual target.",Unreplaced native navigator.geolocation and browser policy -> actual widget #set-pin / builder acquisition handlers.,"Zero geolocation calls at boot, exactly one after real button per case. Allowed cases native success25 and actual captured position.timestamp preserved; denied cases native errorcode1, manual target/evidence unchanged, error usable/no retry. Record exact parent header, iframeallow, origins/isSecureContext, grants, policy introspection if available, callback and UI. Manual30/31 recovery remains usable.","Windows actual Chromium recorded; two owned trustworthy loopback origins A/B, real Date clock, synthetic geolocation through browser context; no owner location or permission dialog. UTC/1000x900/DPR1.",User grant plus delegation succeeds; absent delegation/restrictive parent deny despite grant. Native policy is not bypassed with synthetic JS success.,evidence/R0023/native-permission-matrix.json,Independent cold reviewer reads raw trace and mapped crops; primary reconciles source/consumer identity before closure.,CLOSE-R0023
35,R0023,R0023-O21,R0023-A08,"Separate deterministic consumer controls deniedcode1, timeoutcode3, unavailablecode2, absent geolocation API; existing one-shot options unchanged.","Actual widget and builder buttons, current form/manual recovery.","No automatic request/retry on boot or callback error; current target/evidence preserved, error shown and manual recovery/close works. Label these mocks as consumer errors, not native user-agent policy/sensor evidence.","Windows, one disposable Chromium context; record actual browser/build and Python/Playwright versions, UTC timezone, viewport 1000x900 and DPR 1; widget card 325x530. Provider data and dates are synthetic. Use the same context/origin only where persistence across reload is the tested contract. No owner browser profile, real location, real clipboard or installer execution.",Graceful negative path without prompt loop or continuous tracking.,evidence/R0023/mock-error-consumers.json,Independent cold reviewer reads raw trace and mapped crops; primary reconciles source/consumer identity before closure.,CLOSE-R0023
35,R0023,R0023-O22,R0023-A02,"Widget and builder synthetic Position52.52/13.41/accuracy25/timestampT with T=1790942400000 (2026-10-02T12:00Z), UTC/DPR1; native disposable storage, first boot no saved config; actual pin click.",Actual one-shot acquisition -> widget form -> apply/save -> native reload/load; builder acquisition -> form/preview/copy hash.,Exactly25m/T in current widget evidence and native saved/load record; reported options highAccuracyfalse/timeout10000/maximumAge600000 and one call. Native reload has seed disabled. Builder retains25m/T privately in acquisition/form; portable copied recipient boots fixed-site/hash without private evidence.,"Windows, one disposable Chromium context; record actual browser/build and Python/Playwright versions, UTC timezone, viewport 1000x900 and DPR 1; widget card 325x530. Provider data and dates are synthetic. Use the same context/origin only where persistence across reload is the tested contract. No owner browser profile, real location, real clipboard or installer execution.",No form field loss; current valid target usable; portable target conveys configured destination.,evidence/R0023/metadata-positive-reload-builder.json,Independent cold reviewer reads raw trace and mapped crops; primary reconciles source/consumer identity before closure.,CLOSE-R0023
35,R0023,R0023-O22,R0023-A03,"Two separate fresh controls: (a) after A02 acquire T, advance to T+86400000 and save label-only/units/method edits; (b) new realm/native context at clock T receives cached position timestamp T-300000 under existing options. Synthetic clock state is explicit on each reload; never run the five-minute-cache control at the day-later clock.",Actual full widget/settings/save/load plus builder label/form/reverse path.,"Day-later control acquiredAt remains exact original T; cached control remains exact T-300000 at clock T. savedAt advances only on successful persistence; original source/metres retained. Visible pin/title distinguishes saved browser position and actual acquired age, not savedAt or here-now.","Windows, one disposable Chromium context; record actual browser/build and Python/Playwright versions, UTC timezone, viewport 1000x900 and DPR 1; widget card 325x530. Provider data and dates are synthetic. Use the same context/origin only where persistence across reload is the tested contract. No owner browser profile, real location, real clipboard or installer execution.",Unrelated preferences/name cannot renew fix or invent precision; cached age is tested independently without accidentally making it one day old.,evidence/R0023/age-and-cached.json,Independent cold reviewer reads raw trace and mapped crops; primary reconciles source/consumer identity before closure.,CLOSE-R0023
35,R0023,R0023-O22,R0023-A04,"Widget/builder acquired malformed fields: accuracy missing/NaN/-1/Infinity/string""25"", valid0 boundary; timestamp missing/0/-1/NaN/Infinity/stringT/futureT+1 and positiveT boundary.","Actual acquisition -> form -> apply/save/load and builder state, not normalize helper alone.","Invalid accuracy/time -> null, valid0 remains0, validT remainsT, future/nonpositive never clamped to age0; coords remain usable. Inputs encoded through explicit synthetic Position controls with no JSON NaN-to-null ambiguity in receipt.","Windows, one disposable Chromium context; record actual browser/build and Python/Playwright versions, UTC timezone, viewport 1000x900 and DPR 1; widget card 325x530. Provider data and dates are synthetic. Use the same context/origin only where persistence across reload is the tested contract. No owner browser profile, real location, real clipboard or installer execution.",Known/unknown metadata semantics survive real consumer path.,evidence/R0023/metadata-negative-boundaries.json,Independent cold reviewer reads raw trace and mapped crops; primary reconciles source/consumer identity before closure.,CLOSE-R0023
35,R0023,R0023-O22,R0023-A05,"Five-decimal manual30.12345/31.12345, label-only priorGPS, coordinate edit afterGPS, NominatimBerlin bounds[52,53,13,14] and separate missing/reversed bounds; coarseIP with ambiguous scalaraccuracy; held oldGPS/current manual and closed/reopened session.",Actual widget/builder form/selection/reverse/adoption and bound locationEvidence record.,Manual coordinate change fixed-site/manual with incompatible accuracy/time cleared; label/reverse cannot improve evidence; place providerNominatim/bounds correct or null; coarse accuracy never fabricated metres; held old metadata cannot overwrite current intent. Reuse exact #15 stale controls when inputs unchanged.,"Windows, one disposable Chromium context; record actual browser/build and Python/Playwright versions, UTC timezone, viewport 1000x900 and DPR 1; widget card 325x530. Provider data and dates are synthetic. Use the same context/origin only where persistence across reload is the tested contract. No owner browser profile, real location, real clipboard or installer execution.",Honest site/place/coarse/unknown distinctions and current ownership.,evidence/R0023/intent-place-coarse.json,Independent cold reviewer reads raw trace and mapped crops; primary reconciles source/consumer identity before closure.,CLOSE-R0023
35,R0023,R0023-O22,R0023-A06,"Native seed legacy v1 savedbrowser coords52.52/13.41, savedAt=T but no locationEvidence; fresh actual load without destructive write; separately setItemSecurityError after valid25/T acquisition with priorLondon bytes.","Actual loadLocal/boot/UI and form/apply/save caller, metadata+bytes+warning.","Legacy target remains usable with unknown fix/metres and no savedAt substitution; reading does not rewrite/delete bytes. Denied save preserves in-memory25/T, old stored bytes and session-only warning. Native reload does not assume failed write persisted.","Windows, one disposable Chromium context; record actual browser/build and Python/Playwright versions, UTC timezone, viewport 1000x900 and DPR 1; widget card 325x530. Provider data and dates are synthetic. Use the same context/origin only where persistence across reload is the tested contract. No owner browser profile, real location, real clipboard or installer execution.",Conservative old-record and denied-storage lifecycle; no useful data cleared.,evidence/R0023/legacy-and-denied-save.json,Independent cold reviewer reads raw trace and mapped crops; primary reconciles source/consumer identity before closure.,CLOSE-R0023
35,R0023,R0023-O22,R0023-A09,"Five retained metadata mutation classes: discard capture, renew acquiredAt on save, drop form evidence, reset evidence on name-only edit, expose false browser freshness to old reader; apply first four in isolated native candidate fixture to A02/A03/A05. Old-reader class uses retained accepted source-equivalent control.",Actual acquisition/form/apply/save/load consumer for new native mutations; unchanged old-reader fixture independently retained.,Corresponding native assertion must reject each changed behavior; old-reader five-mutant receipt remains accurately VM-scoped. Document why identical old-reader input/bytes permits reuse; do not relabel it native.,"Windows, one disposable Chromium context; record actual browser/build and Python/Playwright versions, UTC timezone, viewport 1000x900 and DPR 1; widget card 325x530. Provider data and dates are synthetic. Use the same context/origin only where persistence across reload is the tested contract. No owner browser profile, real location, real clipboard or installer execution.",New consumer proof is discriminating; downgrade protection remains accepted.,evidence/R0023/native-discriminators.json,Independent cold reviewer reads raw trace and mapped crops; primary reconciles source/consumer identity before closure.,CLOSE-R0023
36,R0024,2419,R0024-A01,"Synthetic C: modelWMO95/2mm plus qualified current dry, nearby[8,12]km, observedAt=N, arrival[N+600000,N+1800000] derivedFrom=qualified-fixture-trajectory; compare identical current with approach absent/current-wind and current wet+approach. Current lane record and existing target captured; no new source.","weatherDecision → proposed weatherInformation(decision,day) → weatherHeader/paintWeatherHeader → #wi title/name and #weather-information description; local buckle describedby","Accessible/hover information says Current: SIM supported dry; Nearby: precipitation8–12km; Approach: qualified SIM interval10–30min (with absolute zone interval available) for C, nearby only/no supported arrival for unqualified movement, and current wet plus later approach both retained. No local particles for C. Word SIM cannot be removed; production no-qualified-source shows nearby unavailable/no supported arrival. Parent button Widget settings/persistence warning/action name remains intact.","Source-executing DOM fixture first, then actual native accessibility/hover/current consumers in A02","2419 source-level demonstrated gap repaired at authored information owners only; formatter does not alter permissions, WMO/temp or derived state.",evidence/R0024/R0024-A01/receipt.json,Independent native reviewer reads network/owner/admitted/cache/DOM receipts and actually inspects card/header/footer/Moon/cloud crops or clip; numeric PASS cannot override pixels. Primary reconciles exact candidate.,CLOSE-R0024
36,R0024,2420,R0024-A02,"Full native A–G matrix described in B plus all controls in D/F: precise/fixed-site and coarse/expired target, model-only current positive (rain/snow/thunder), dry/unknown/forecast-only, unsupported quantities/alpha, quality/operational/local-age changes, future interval/probability, lease/tab resume/newgeneration, rain-end/outage, wet plus later approach. Present/nearby positives use the existing owned simulation bridge; optional forecast null/0 uses proposed r0024-forecast-fixture/v1 installSyntheticForecast(owner,raw), whose exact dependency decorator/payload/refusal recipe is D. Both install only in explicit timeScale=1 preview; identical ordinary-live install rejects. Live model positives use actual controlled fetch; production hourly probability/event remain null.",Actual native admission/reconcile/qaState → accessible header info → native atmosphere/cloud systems/particle/lightning/prayer/Moon composition,"Every scenario preserves independent current/spatial/horizon/forecast and quantity/probability provenance; accessible #weather-information/wi title reads same snapshot. Synthetic wet rain/snow particles>0 originate under cloud columns; synthetic observed lightning has nonzero gated strike event when motion permits. Dry/nearby/approach/unknown/forecast-only negatives particles0 and strike0. Eligible live current quantities may enable model particles underH5, never observed permission/strikes. All full-card/crops readable325×530; Sun/opaque half-Moon/cloud continuity; reduced motion reduces flashes/motion, motion=full override works without weather authority changes.","Windows x64; installed Chromium and Firefox via tools/cp9/browser_runtime.py; record actual executable/version. Fresh profile per case, private Map storage, 390×600 viewport, DPR 1, 325×530 card, Asia/Riyadh browser zone, fixed-site lat24.47/lon39.61, method4/school0/Celsius/seed1; source/runtime/fixture hashes bound. No local=1 unless config is seeded before parse.","2420 full finite original state/control native matrix, scoped art/currentness regression and accessible presentation proof; no arrival accuracy/provider qualification claim.",evidence/R0024/R0024-A02/receipt.json,Independent native reviewer reads network/owner/admitted/cache/DOM receipts and actually inspects card/header/footer/Moon/cloud crops or clip; numeric PASS cannot override pixels. Primary reconciles exact candidate.,CLOSE-R0024
36,R0024,2421,R0024-A03,"Two separately bound comparisons: (1) SOURCE18ff versus information candidate for the remaining formatter delta; (2) r0024-scaffold-resource-baseline/v1 paired full-scaffold versus resource-only replay control, admitted only after RESOURCE-BASELINE acquisition/review in D. Same native engine/hardware/provider input tape/renderer/worker/terrain/request ledger and observer overhead. Three60s warm trials for each pair plus cold and wet→dry→expiry→newtarget transitions; source-fixture call/heap measurements are separately labelled. A missing comparable scaffold control leaves2421 unverified; whole fd2972-versus-CP9 renderer delta is never weather overhead.",Actual native request ledger/worker and browser CPU/heap measurements; exact weatherDecision/reconcile source call counts in isolated observer instrumentation copy,"Zero added provider requests/bytes/recipients, no network from formatter or reconciliation; no per-frame inference: repeated same target/record/track/lease returns same decision and reconciliation call count does not increase until a supported input/eligibility boundary changes. Measure raw CPU ms, wall intervals, JS heap/available memory metric and allocations; unsupported metric marked unavailable, never0. Original contract supplies no CPU/heap numeric budget: proposed budget is no sustained incremental increase beyond measured same-baseline run-to-run range, preregister range from baseline repeats, preserve all raw trials; exceedance requires diagnosis and primary acceptance of a concrete bound, not automatic PASS. Pair UI250ms invariant only if changed render callback exposure measured.",Serialized Windows native browser/performance queue; same engine/profile/hardware warmup; source-fixture microbench separately labelled,"2421 requires both formatter delta and comparable scaffold cost, with cold/transition/cached and retained/allocated memory observations. Unpaired absolute timing is contextual only. RESOURCE-BASELINE may return GATED_NOT_COMPARABLE, which blocks only2421 qualification/closure and leaves safe INFO/DOCS/NATIVE work available.",evidence/R0024/R0024-A03/receipt.json,"Independent resource reviewer admits exact paired scaffold input/control and instrumentation equivalence, then checks raw CPU/heap/request data, null metrics, baseline-repeat variance and cache boundaries. Primary decides scope/budget before2421 can pass; unqualified comparison cannot be waived by a formatter-only delta.",CLOSE-R0024
36,R0024,2422,R0024-A04,README Features/Auto-retry/Credits weather paragraph; DESIGN Weather truthfulness/API & data/URL-debug/Known approximations; HANDOFF current weather limitation.,Public weather semantics/source attribution/diagnostic information,"Document CURRENT MODEL ESTIMATE versus direct current simulation QA, nearby/horizon/forecast/unknown; eligible model quantities may show rain/snow without observation adapter, WMOthunder grants no strike, forecast never current. Live observation/nearby/arrival adapters unqualified/unavailable, fresh alpha mosaic not local measurement/mm/coverage health. Amount preceding interval and optional probability event/window, missingprobability not0. Accessible chip information is bounded and derived; no useful arrival service/accuracy nowcast promise, field study, telemetry/GPS/provider requirement. Correct current nowcast/ground-truth wording in DESIGN370/HANDOFF172–173; keep historic90928c8 descriptions as history.",Static final prose/source/native-accessibility evidence,"2422 exact current semantics and limitations, consistent with narrow owner amendment and interface outputs.",evidence/R0024/R0024-A04/receipt.json,"Independent documentation reviewer compares every stated fact with pinned source and actual consumer receipts, then rejects observation/arrival/offline/cancellation overclaims.",CLOSE-R0024
36,R0024,2425,R0024-A05,"All25 original24xx rows:18 satisfied,2405/2415 narrowly superseded,2419/2420/2421/2422/2425 residual; candidate source/runtime/fixture/evidence hashes and updated accessible info. Evidence must expose amended D model-positive expectation and every surviving negative.",Independent state/pixel/resource/authority review → authorized merged/served consumer/public info → immutable evidence comment/readback → authorized manual closure,"Original policy not silently rewritten: preserve old matrices/TODOs/oracles and name narrow H5/H8 override. No all-dry API, arithmetic, source/hash, detached status or generic public smoke supplies A–G native proof or arrival skill. Final row2425 explicitly requires primary reconciliation and every remaining output plus actual generated/public delivery. Keep PR38 excluded and no blanket N001/N002/N003 closure.",Immutable source/evidence/public delivery plus issue/marker readback,CLOSE-R0024 certifies bounded truthful state/renderer information only; no upstream observation/nowcast/arrival research is reopened.,evidence/R0024/R0024-A05/receipt.json,"Different reviewer checks complete accepted-plus-residual matrix, delivery identity and immutable evidence hashes; primary approves exact comment before any separately authorized publication/closure.",CLOSE-R0024
37,R0025,25-07,R0025-A01,"Original2026-09-08/Madinah18:10 finite scene; T1788880200; native144x232 canvas; equal monotonic time; wind3->3.1, heading225->45, calm0, reverse/gust variants from original source controls","Actual weather.wind/dir/gust -> render/applyCloudState -> paintClouds(T), native Canvas2D getImageData only in fixture","Hold target/seed/coverage/tints/solar+Moon light and civil+monotonic time fixed; record all state keys. Raw cloud premultiplied RGB before/after exactly equal for position-only pure wind setter; repeat equal-time paint is idempotent. If another actual lighting input changes, isolate and label that contribution rather than fake parity.","Windows; installed Chromium and Firefox serially, record exact versions (audit used Chromium 148.0.7778.96 / Firefox 150.0.2); isolated localhost profile/context; actual 325x530 CSS card, desktop 1100x900 and constrained 375x800 viewport where UI matters; DPR 1 and 2 where raster/geometry matters. These are future runs, not claimed execution.",Named same-instant pure-position operators pass; a disposable reintroduced wind-times-civil-epoch phase mutant produces a reached native-raster failure. Reversing setter/advance is not a same-instant discriminator because elapsed is zero.,evidence/R0025/pixels/wind-{engine}.json,Independent recomputation plus raw/composite crops; state trace alone does not pass.,CLOSE-R0025
37,R0025,25-07,R0025-A02,"Day B1788912000 sec at B±.038; month2026-10-01T00:00Z; year2027-01-01T00:00Z; ordinary referenceB-1 toB-1+.076; current visual axes stepped76ms, same civil/weather scene; fixed established target/seed",Actual current cloud identity/motion/population and native painter at ordinary civil boundaries,"No boundary-dependent population replacement; same established state/monotonic elapsed yields identical current rendered pair to ordinary control when only civil-day label differs. Compare raw population/noise identity and native RGBA; any ordinary small lifecycle delta is recorded, not judged by historic fixed AA count. Daily-reseed mutant has an extra visible/state discontinuity.","Windows; installed Chromium and Firefox serially, record exact versions (audit used Chromium 148.0.7778.96 / Firefox 150.0.2); isolated localhost profile/context; actual 325x530 CSS card, desktop 1100x900 and constrained 375x800 viewport where UI matters; DPR 1 and 2 where raster/geometry matters. These are future runs, not claimed execution.",Day/month/year current native boundaries are continuous and relevant reseed mutant detected,evidence/R0025/pixels/boundaries-{engine}.json,Reviewer validates independent elapsed/civil axes and visually inspects native boundary/ordinary pairs.,CLOSE-R0025
37,R0025,25-07,R0025-A03,"Byte-identical no-op source, uninstrumented/current fixture one-shot first painter image, original prepatch wind/day controls and phase-diagnostic first-image parity where preserved","Actual native cloud canvas, source hash and complete fixture entry",No-op/current first-image fixture preserves current source-bound cloud raster exactly; full-card diagnostic need not be byte-identical. Retain original failing and first-image mechanism-control history without reverting accepted solar/phase/current-camera changes. Any unavailable original private PNG is explicit; deterministic original source inputs reproduce the witness in disposable fixture.,"Windows; installed Chromium and Firefox serially, record exact versions (audit used Chromium 148.0.7778.96 / Firefox 150.0.2); isolated localhost profile/context; actual 325x530 CSS card, desktop 1100x900 and constrained 375x800 viewport where UI matters; DPR 1 and 2 where raster/geometry matters. These are future runs, not claimed execution.",Native raster harness has a positive no-op/first-image control and preserved/reproduced historical failing witness,evidence/R0025/pixels/no-op-and-original-{engine}.json,Different reviewer checks provenance and adaptation map; old full-card art is not silently reimposed.,CLOSE-R0025
37,R0025,25-07,R0025-A04,"Real finite current weatherwind3, normal clock1x15–60s or unchanged exact final-v49 clip; clear-sky negative; empty/deck return, hidden/reduced/full, wall correction/explicit seek and periodic-wrap cases at current interfaces","Actual painter and source/native lifecycle, not hash; accepted normal motion reused at unchangedowners",Retain visible travel/lifecycle and current permission/column behavior. Source-selected old-wind/reseed/frozen-interval/empty-deck/wrap faults each reach relevant oracle. Do not freeze product to satisfy equal-time pixels. Reuse existing actual normal1x20..98s proof if no relevant source/input change; any repair requires affected elapsed motion and column recheck.,"Windows; installed Chromium and Firefox serially, record exact versions (audit used Chromium 148.0.7778.96 / Firefox 150.0.2); isolated localhost profile/context; actual 325x530 CSS card, desktop 1100x900 and constrained 375x800 viewport where UI matters; DPR 1 and 2 where raster/geometry matters. These are future runs, not claimed execution.",Equal-time continuity coexists with real elapsed motion and all relevant faults discriminate,evidence/R0025/pixels/preservation-and-mutants.json,Independent visual/controller review; Moon continuity-v45 is excluded as cloud wind proof.,CLOSE-R0025
37,R0025,25-07,R0025-A06,"Same established nonempty native cloud fixture with explicit fragment simTime=18:10&timeScale=1&motion=full; assert FOLLOW_WALL_CLOCK=false, TIMESCALE=1, _cloudMotion.paused=false and _cloudMotion.reduced=false before the control (simTime-only TIMESCALE0 or suspended/reduced integration is inadmissible). Advance civil and monotonic time by500ms at rate1, below the2s suspension boundary, then change wind3/direction225 to calm0; repeat from identical state with direction45/wind3.1",Actual applyCloudState must advanceCloudMotion before installing the new cloudState.wx/wspd; actual native paintClouds follows,"Compute each expected phase as wrap(oldPhase - oldWx*oldWspd*0.5*(0.024+di*0.006),1.25), with life/wander advanced by the same0.5s. Compare native RGBA to an independently stepped old-velocity control. The accepted ordering mutant installing new velocity before advance must fail the exact phase oracle; retain reached nonempty native images and all deltas. Subsequent elapsed interval uses the new velocity. Equal-time A01 remains a separate raster control.","Windows; installed Chromium and Firefox serially, record exact versions (audit used Chromium 148.0.7778.96 / Firefox 150.0.2); isolated localhost profile/context; actual 325x530 CSS card, desktop 1100x900 and constrained 375x800 viewport where UI matters; DPR 1 and 2 where raster/geometry matters. These are future runs, not claimed execution.","Healthy positive elapsed integrates old wind before replacement; the ordering mutant reaches and fails this positive-elapsed oracle, not elapsed0",evidence/R0025/pixels/positive-elapsed-order-{engine}.json,Independent equation/source-order reader checks healthy and mutant source hashes plus nonempty native images; accepted source-control receipt may be reused only at unchanged exact owners/inputs.,CLOSE-R0025
37,R0025,25-10,R0025-A05,One quiescent actual browser setup; same144x232 painter input/canvas/DPR/weather/tints/coverage; oldfd2972 selected painter and exact candidate; warm5s +four paired5s ABBA blocks,Actual paintClouds invocation self-time and retained _cloudMotion/columns/cluster/provider/rAF state,"Apply only pre-adopted proposed median/p95 budget max(.25ms,10%baseline) fromG; raw counts/durations and allocation/listener/provider inventories retained. Finite phase3/life3/wander and columns144; no unbounded history/per-cluster persistence or new permanent loop. Unequal/noisy setup INCOMPLETE; no GPU/battery inference.","Windows; installed Chromium and Firefox serially, record exact versions (audit used Chromium 148.0.7778.96 / Firefox 150.0.2); isolated localhost profile/context; actual 325x530 CSS card, desktop 1100x900 and constrained 375x800 viewport where UI matters; DPR 1 and 2 where raster/geometry matters. These are future runs, not claimed execution.",Original bounded before/after painter cost/state gate passes or remains honestly unverified,evidence/R0025/cost/results.json,"Independent reviewer checks adopted-before-run budget, identical measured scope/setup and original contract; N001 is not a substitute.",CLOSE-R0025
